Status,Bacteroidaceae.Bacteroides___S24.7.,Odoribacteraceae.Butyricimonas___Bacteroidaceae.Bacteroides,Rikenellaceae.___S24.7.,Enterobacteriaceae.Aquamonas___Lachnospiraceae.Lachnospira,Comamonadaceae.___Rikenellaceae.,Lachnospiraceae.Lachnospira___Moraxellaceae.,Enterobacteriaceae.Citrobacter___Lachnospiraceae.Lachnospira,Enterococcaceae.___Lachnospiraceae.Lachnospira,Bacillaceae.Anaerobacillus___Lachnospiraceae.Lachnospira,Clostridiaceae.02d06___Lachnospiraceae.Lachnospira,Bacteroidaceae.Bacteroides___Coriobacteriaceae.Collinsella,Bacteroidaceae.Bacteroides___Porphyromonadaceae.Porphyromonas,Lachnospiraceae.Lachnospira___Lactobacillaceae.,Erysipelotrichaceae.Bulleidia___Lachnospiraceae.Lachnospira,Lachnospiraceae.Lachnospira___Pasteurellaceae.Aggregatibacter,Lachnospiraceae.Lachnospira___Veillonellaceae.Megasphaera,Tissierellaceae.Peptoniphilus___Lachnospiraceae.Lachnospira,Christensenellaceae.___Lachnospiraceae.Lachnospira,Campylobacteraceae.Campylobacter___Lachnospiraceae.Lachnospira,Enterococcaceae.Enterococcus___Peptostreptococcaceae.,Clostridiaceae.SMB53___Lachnospiraceae.Lachnospira,Alcaligenaceae.Sutterella___Moraxellaceae.Enhydrobacter,Lachnospiraceae.Lachnospira___Veillonellaceae.Dialister
Cesarean,-1.8254078064665018,-0.3010671238445509,-1.421214693871757,0.7574971142197798,1.0233546487840313,-1.2189111648128246,0.690948756512736,0.8395808291664757,0.8300010315394668,0.8688364219324506,0.5290036545442751,0.34392580920357363,-2.031252928641874,0.7990964552679163,-0.8215036808167238,-0.5366448160628322,0.5354901238174576,0.7540852189990955,0.5477012423598011,1.7711565843186317,0.5757347031008939,-0.7359296120540295,-0.6311613015441196
Cesarean,-0.981840292686304,1.0920571095216052,-0.6085284430309456,1.2083195008020085,0.6388072703704252,-1.1281466375699691,0.9704605496047229,1.1343882949900341,1.2956490842891253,0.8688364219324506,-0.9898128504794491,-0.8437773714070288,-0.7641190858661362,0.7990964552679163,-0.8215036808167238,-0.802037929664861,0.5354901238174576,0.7540852189990955,0.5477012423598011,1.8482605430686772,0.5757347031008939,-0.568760459677997,-0.22945139040235102
Cesarean,0.6076827339616185,-0.6233067940963418,-0.15283763566631292,-0.8959064690074038,0.17867369292673368,0.8676172016610456,-0.9323325239748879,-0.8725309759403863,-0.8777760927862285,-0.9580244386547733,0.32200475422987473,0.6186501102461295,0.9107793228647632,-0.9401465750224338,0.295868120678015,0.6332511621105945,-0.9207307471009828,-1.0621832201764243,-1.0158932961589544,0.07512121299566968,-0.48321196960132035,1.1876759927958782,-0.05590097714370821
Cesarean,0.4674637791717836,-0.9746591256669579,-1.4253271609463427,0.7574971142197798,0.9862785500741181,-0.8349778547752226,0.690948756512736,0.8395808291664757,0.8300010315394668,0.8688364219324506,-1.3338814674015458,0.6716906858111188,-0.7641190858661362,0.7990964552679163,-0.8215036808167238,-0.5366448160628322,0.5354901238174576,0.7540852189990955,1.0094227347669054,-0.018831250538945684,0.5757347031008939,-0.4506734426462518,-1.2924585040182666
Cesarean,-1.6148631655941283,1.1347191473322522,-0.9526447513079145,0.7574971142197798,0.3781415447987183,-0.8349778547752226,1.1801444820848472,1.183524227902078,1.17307364319454,0.8688364219324506,-1.5017865094729927,-0.8801487421616696,-0.7641190858661362,1.3232386765676907,-0.8215036808167238,-0.5366448160628322,0.8280280025701515,0.7540852189990955,0.8618092452474981,0.4763841133747709,0.5757347031008939,-0.8848287539335563,-0.22945139040235102
Cesarean,-1.5991076027636062,0.44213215719459975,-1.083193519648069,1.0193072690697906,0.7398556910224128,-1.1045772918965548,0.690948756512736,0.8395808291664757,0.8300010315394668,0.8688364219324506,-0.14507025242018148,-0.7452609695521767,-0.7641190858661362,0.7990964552679163,-0.8215036808167238,-0.5366448160628322,1.5339126695439917,2.1282508910564926,0.5477012423598011,0.4318805325595742,0.5757347031008939,-2.0423810679695733,-0.5115336247343353
Cesarean,-0.836263197974574,0.9349548283494402,-0.6815798416529872,0.7574971142197798,0.7125708856156381,-0.8349778547752226,0.690948756512736,1.071804519723862,1.4048107299321417,0.8688364219324506,-0.8185362823842847,-1.2441369547827583,-0.7641190858661362,0.7990964552679163,-0.8215036808167238,-1.0554164116404459,0.5354901238174576,0.7540852189990955,0.5477012423598011,0.2543318215413062,1.3188241392029745,-0.8848287539335563,-0.47107675525464393
Cesarean,-0.6289128509405981,0.7111887710216529,-0.9526447513079145,0.7574971142197798,0.9862785500741181,-0.8349778547752226,0.8965124478239772,1.2284160398150876,0.8300010315394668,1.3911030291021644,-0.574581311970528,-0.7485178347360859,-0.7641190858661362,0.7990964552679163,-0.8215036808167238,-0.7318250890564034,0.5354901238174576,0.7540852189990955,0.5477012423598011,0.1330203513890982,1.1515526240768617,-0.4679516526943282,-0.22945139040235102
Cesarean,-0.9942008409785363,1.1053962295053752,-0.9526447513079145,1.2348867124774996,0.9862785500741181,-0.8349778547752226,0.690948756512736,0.8395808291664757,0.8300010315394668,0.8688364219324506,-1.0043554699448278,-0.8551495913798228,-0.7641190858661362,0.7990964552679163,-0.8215036808167238,-0.9816626047376024,0.5354901238174576,0.7540852189990955,0.9991601457719328,0.6318652659243811,1.3596644503659165,0.1629182970037769,-0.22945139040235102
Cesarean,-1.899281319587592,1.3394488191426748,-1.6215328952261825,0.7574971142197798,1.1644356740318214,-1.284346507460318,0.690948756512736,0.8395808291664757,0.8300010315394668,0.8688364219324506,-0.8387728354317093,0.29869412309990656,-0.7641190858661362,0.7990964552679163,-0.8215036808167238,-0.5366448160628322,0.5354901238174576,0.7540852189990955,0.5477012423598011,0.07512121299566968,0.5757347031008939,0.4560990019106748,-0.22945139040235102
Cesarean,-0.8268035288480923,0.9247462471035579,-0.9526447513079145,0.7574971142197798,0.9862785500741181,-0.8349778547752226,0.690948756512736,0.8395808291664757,0.8300010315394668,0.8688364219324506,-0.8074066492060162,-0.7011370822746891,-0.7641190858661362,0.7990964552679163,-0.8215036808167238,-0.8223949337280761,0.5354901238174576,0.7540852189990955,0.5477012423598011,0.7403349795830396,0.5757347031008939,-0.8848287539335563,-0.22945139040235102
Cesarean,-1.1678237496685213,1.292764682440611,-0.9526447513079145,0.16257502238491697,0.9862785500741181,-0.22235585322753196,0.10686516989129723,0.22353454326134728,0.2155144358297199,0.21150151852644214,-1.8095313672684532,-1.4847911386234303,-0.16146279853174741,0.62434798108265,-0.15118911064219104,0.017935582647892797,1.1207386965307382,0.10056164488242335,-0.014906062398489076,1.4425442894257168,-0.14900092477199564,-0.8848287539335563,0.41153578984807554
Cesarean,-0.4687232590102177,0.5383171364960793,-0.26715167877978807,1.3246276682803537,0.2941022439524881,-0.8349778547752226,1.343152954558281,0.8395808291664757,0.8300010315394668,0.8688364219324506,-0.38611262735547724,-0.3716882989166876,-0.7641190858661362,1.3956706210800551,-1.273328614184652,-0.9104592352084425,0.5354901238174576,0.7540852189990955,0.5477012423598011,0.07512121299566968,1.0642421014821815,-0.4396367735392969,-0.6615082229592463
Cesarean,-0.8951090517495551,0.9984594468739386,-0.9526447513079145,0.7574971142197798,2.194571235296129,-0.8349778547752226,0.690948756512736,0.8395808291664757,0.8300010315394668,0.8688364219324506,-0.8877704974314168,-0.7639810122871068,-0.7641190858661362,0.7990964552679163,-0.8215036808167238,-0.5366448160628322,0.5354901238174576,0.7540852189990955,0.5477012423598011,0.4650376100319004,0.5757347031008939,0.0429826706923735,-0.654454249145533
Cesarean,-0.5664809051666946,0.6438141533421392,-0.3308385531537577,0.40918062076703077,0.35841003526251325,-0.47629837334435393,0.34897801854969424,0.47889648905522225,0.4702298627949925,0.483978317449693,-0.5011279336569133,-0.4616294107371603,-0.4112743560391684,0.4326964790501147,-0.4290462081527413,-0.21194767929863423,0.22871339211291242,0.3714585812439576,0.2183044923081903,0.6318652659243811,0.15141465170997617,-0.8848287539335563,0.1458354077133384
Cesarean,-0.3731518286863734,0.4351794159055284,-0.33544574130842053,0.9236209671543338,0.3630621413250015,-0.4802234524845199,0.949451938126819,0.4828435076410292,0.4741668884203188,0.488189872880193,-0.2736694808135836,-0.28375859684672944,-0.41513558468608297,0.43670604463182194,-0.4333409245195948,-0.21550088494424463,0.23207049228908708,0.37564571742563513,0.22190912647156172,1.3560972184493956,0.15605804467972334,-0.3179360097810524,-0.22945139040235102
Cesarean,-1.0610070188036813,1.1774913826165596,-0.9526447513079145,0.7574971142197798,0.9862785500741181,-0.8349778547752226,0.690948756512736,0.4747157321163565,0.4660596905893781,0.47951735806814977,-1.0829552859949014,-0.9166140613861073,-0.40718446943053077,0.428449471147026,-0.4244971631303165,-0.20818405649444466,0.22515748794096876,0.3670234871938631,0.2144863954426781,0.7865958220665561,0.1464962818173291,-1.7937629288578611,0.15018542436447146
Cesarean,-1.0130070870861911,1.125691346464868,-0.9526447513079145,0.7574971142197798,0.9862785500741181,-0.8349778547752226,0.690948756512736,0.8395808291664757,0.8300010315394668,0.8688364219324506,-1.0264816794178941,-0.872452122185285,-0.7641190858661362,0.7990964552679163,-0.8215036808167238,-0.5366448160628322,0.9420408032541795,0.7540852189990955,0.9842287188527202,0.07512121299566968,0.5757347031008939,-0.8848287539335563,-0.7267938775910718
Cesarean,0.7402528873118679,0.20460783782894565,1.1848578374492968,-0.6792625142207708,-1.1720636790527588,0.6445277332648461,-0.7196354668840015,-0.6481945366959179,-0.6540076227881654,-0.7186525359339441,-0.4266605598631384,-1.514295898449389,0.6913189208103164,-0.7122551562305731,0.7973316692236628,-0.39237616655948365,0.9092138857945734,0.5241079246532947,0.7610268564301237,-0.8303628813125716,-0.7774291678979885,1.0176183480122925,-0.49496493620449633
Vaginal,-0.9453000988899731,1.0526240667668785,1.444243821076956,1.206994397906581,-1.433978553472955,-1.4689147317011604,0.690948756512736,0.8395808291664757,1.2942804042916063,0.8688364219324506,-0.9468220283081402,-0.8101588690658715,-0.7641190858661362,0.7990964552679163,-0.8215036808167238,-0.5366448160628322,0.5354901238174576,0.7540852189990955,0.5477012423598011,0.7998783472676194,0.5757347031008939,-0.8848287539335563,-0.7137534534035768
Vaginal,-0.7037058823402211,0.7919030885585544,1.5368230411020865,0.7574971142197798,-1.5274603771539481,-0.8349778547752226,0.690948756512736,0.8395808291664757,0.8300010315394668,0.8688364219324506,-0.662577941941253,-0.5878821132293044,-0.7641190858661362,0.7990964552679163,-0.8215036808167238,-0.5366448160628322,0.5354901238174576,0.7540852189990955,0.5477012423598011,0.4729523723082394,0.5757347031008939,-0.8848287539335563,-0.22945139040235102
Vaginal,-0.48462620581332816,0.5554791029790312,-0.48408434322412264,1.1451522700441388,0.5131498993845443,-0.8349778547752226,0.690948756512736,0.8395808291664757,0.8300010315394668,0.8688364219324506,-0.4048230031630888,-0.38631967326876754,-0.7641190858661362,0.7990964552679163,-0.8215036808167238,-0.5366448160628322,0.8769140413395997,0.7540852189990955,0.5477012423598011,-0.15124981058139067,0.5757347031008939,-0.8848287539335563,-0.22945139040235102
Vaginal,-0.7032190303147144,0.791377692966948,1.7027265415930313,1.190633215633222,-1.6949813583929791,-0.8349778547752226,1.4701028427854415,1.3887232180553688,0.8300010315394668,0.8688364219324506,-0.6620051434232987,-0.5874341890598125,-0.7641190858661362,0.7990964552679163,-1.1223534946443519,-0.9404099394540686,0.7706588466690707,0.7540852189990955,0.5477012423598011,0.713720629708691,0.5757347031008939,-0.8848287539335563,-0.22945139040235102
Vaginal,-0.9055456767857719,1.009722328608012,0.9075687635688771,0.27462343971453135,-0.8920711677082163,-0.3377378950727239,0.21687224874642774,0.3395615193727288,0.33124765781713206,0.3353048477237091,-0.900049553571663,-0.773583142619789,-0.27496788451921395,0.2911535177942238,-0.2774370475264803,-0.08651482659125824,0.11020332151166982,0.22364714325670806,0.09105614499209602,1.8942369187141792,-0.012503253564178928,-0.8848287539335563,0.2908114125533615
Vaginal,-0.8340545615950293,0.9325713365357494,-0.9526447513079145,0.7574971142197798,1.9891085635646046,-0.8349778547752226,1.1714475374768556,0.8395808291664757,0.8300010315394668,0.8688364219324506,-0.8159377440633515,-0.707808334833924,-0.7641190858661362,0.7990964552679163,-0.8215036808167238,-0.8380136901471744,0.5354901238174576,0.7540852189990955,1.0105324711254837,-0.14088118248006165,2.1117302848498993,1.2725459008172137,-0.22945139040235102
Vaginal,-0.6262613398201221,0.7083273425365948,0.648748561097421,0.7574971142197798,-0.6307275905431906,-0.8349778547752226,0.690948756512736,0.8395808291664757,0.8300010315394668,0.8688364219324506,-0.5714617159524827,-0.5166299039899753,-1.6185215412612703,0.7990964552679163,-2.014305623281189,-0.9420236674661725,0.5354901238174576,0.7540852189990955,1.1160478718562896,1.492562646618061,0.5757347031008939,-0.8848287539335563,-0.22945139040235102
Vaginal,-0.29798340875937895,0.3540599907238241,-0.08483406993669647,-1.3695669163173605,1.3442446892498887,1.3553698255214928,-0.8126731861461731,-1.3630099199068124,-0.8522601324101333,-1.4813762332056506,-0.18523119304773775,-0.21460051532745458,1.390597521836941,-1.0889089555815712,1.0135960217760223,1.1364719712967128,-1.3379030794331963,-1.582500540195578,-1.1496319639174706,0.23368046894529643,-0.5265031440052759,1.3817908509700079,1.704346512034238
Vaginal,0.43972298918446356,-1.0822119427676535,-0.4179357679492653,-1.355721909973704,-0.16148197523816898,1.3411129074912143,-1.3837708814162588,-1.348673312049409,-1.3527129439337693,-1.466078758069882,-0.4242314906981803,1.0098880857413444,1.3765725255631345,-0.8274221558723313,1.5595164919559084,0.7000345781247412,-1.3257092101322243,-1.3094416335190606,-0.7877172938253105,-0.45049602651631615,-1.0403801457246542,-0.6242362655743785,1.5108037742847453
Vaginal,0.1503760924133121,-0.5908627934643315,-1.3862042154011243,-0.9453219526917839,0.9862785500741181,1.2878724690852215,-0.9808477385569975,-1.2951352832859753,-1.2993104613792048,-0.829072285623901,-0.02669974969259169,0.19790892629920023,1.324198166064534,-1.369447742112757,1.5012622315867783,0.8052603276943227,-1.2801729346152886,-1.5104967376709881,-1.0626246454743762,-0.9152609412683338,-1.9356103978853267,-0.8848287539335563,0.8736154354101398
Vaginal,-0.7631927171250678,0.8560994338896449,1.3056368658521202,-1.4493503173496076,-1.2940202459200272,1.4375269138217612,-1.47569353270175,-1.445626229768841,-1.4494203987413383,-1.5695296484691272,-0.7325662936731524,-0.6426124823573196,1.4714181350179207,-1.5223234649548094,1.665010112898339,1.5205561944405916,-1.4081716181702688,-1.6701428283428652,-1.5392753593305015,0.07512121299566968,-2.1126525343023967,-0.8848287539335563,2.148273242484889
Vaginal,-0.40064613141113925,0.46485041384549997,1.264801349111943,-1.4375439497087734,-1.2527866021845182,1.425369287345279,-1.4641022577242797,-1.4334006475707852,-1.43722576895891,-1.5564846840287787,-0.306017494230065,-0.3090545021085631,1.459458280463881,-1.5099041483156819,1.6517075639442735,1.509550417106983,-1.3977732622318104,-1.6571735006210175,-1.5281102861746052,-1.6132428405719592,-1.0587907133284908,-0.8848287539335563,2.135552702422647
Vaginal,0.6444785483997356,-0.6630156947119418,-0.39899427075878324,-1.1488117713965331,0.42723023891377593,1.5997275997172777,-1.6303382534773154,-1.6087335453153893,-1.6121147633673578,-1.2374618386075913,0.9236084214679264,0.6525037942393666,1.6309802514909342,-1.6880154839617088,1.8424857549310936,1.6673895122578362,-1.5469010378202541,-1.8431728071924929,-0.84896275036507,-0.5490510934681365,-1.3417906889988271,-0.376304865957607,2.317984026662069
Vaginal,0.886425285414627,-0.9241171020622468,0.7912420360215825,0.7574971142197798,-0.7746103095263126,-0.5025169961971343,1.0171434538591582,0.5052616623418451,0.4965282854117136,0.5121105358108209,1.2082672605510425,0.09859975114936399,-1.15486132162194,0.4594794518351742,-0.45773392237738536,-1.1696251718170951,0.7673893841552397,0.3994276846582628,0.9887377978839517,1.0498314745137716,0.5757347031008939,1.1843811176674608,-0.7664120858932848
Vaginal,1.1149792832692087,-1.1707654810883172,1.5284003348312876,-1.001708869866552,-1.5189555534763464,0.9765673977833207,-1.036207378540087,-0.9820901551735826,-0.9870578928978008,-1.0749264866765111,0.644961446230432,1.0853840943518929,1.0179571919806707,-1.0514418994967456,0.7881950742205532,1.1032693331325252,-1.0139152943508727,-1.1784074520692758,-1.1159487561952988,0.5255571172343235,-1.5673345675363992,1.1404407080704084,1.3098203365650534
Vaginal,1.0282643248047851,-1.0771853899792947,1.5148772747566241,-1.328924556770587,-1.505300649954973,1.3135182890011838,-0.7362228262264392,-1.320924451922274,-1.3250343376594107,-1.028242838262984,0.6245883750653645,1.005602715785633,1.3494267973855674,-1.39564558250722,1.113035109525715,1.408296509964975,-1.3021076736316286,-1.5378547950869648,-1.425390846530065,-1.8015247846607414,-0.8743584802460792,1.3606471685410846,0.26016324546946873
Vaginal,1.013965134128677,-1.0617541473199965,1.4460092557938007,-1.422759327295135,-1.2330089521014629,1.41014479812311,-1.4495869868934923,-1.4180910602291206,-1.4219549420380426,-1.3565972419578913,0.4719701567333302,0.9924468639611781,1.4444814527821863,-1.4943519554032865,1.0735208235860763,1.4957683405872577,-1.3847518342236733,-1.4584450368100519,-1.073092174607794,-1.8864597482166037,-0.8614976525554269,1.292485192865465,0.35350968173885816
Vaginal,1.0065747754410441,-1.0537787016579798,1.1568049154914397,-1.4864598398026103,-1.1437372543595155,1.4757405055401673,-1.5121269804920452,-1.4840534184590048,-1.4877502984601905,-1.6105323019121243,-0.01600068153750739,0.9856474257253818,0.5218421511385221,-1.5613595955998218,1.0047952127464912,1.5551493185494598,-1.4408555083311951,-1.710907742068713,-1.5743691786636496,-0.351892232126914,-0.768349608561813,1.2112608479134321,0.4211150702904385
Vaginal,0.8176973899823662,-0.8499480909691838,0.8908673534586746,-1.5088381362065935,-0.87520692674008,1.498784593030603,-1.534097581021945,-1.5072263121433507,-1.5108645236063032,-1.6352582878975068,-0.16534426164522603,0.8118723532496626,0.9126342599022009,-1.2190425518726256,1.3401605812905475,1.5760101416933963,-1.4605649988691756,-1.353430591443145,-1.2666231933746492,-0.5417155506455762,-0.9175511587348645,1.1165591250594844,0.492424620197931
Vaginal,0.8393643046544995,-0.8733303526340096,1.131811537754342,-1.51579566253081,-1.1185002029976916,1.5059491171944583,-1.540928352622522,-1.5144308828089001,-1.518050853924518,-1.0607957656650233,-0.1580021629226853,0.8318068184495683,1.538727292951613,-1.5922184407937263,1.7398758534827368,1.582495877852603,-1.4666927798574767,-1.7431332250052383,-1.602111547596489,-2.0395258397764753,-0.963480198130188,0.8837353482514314,0.9362438257506198
Vaginal,1.1379338992392551,-1.1955373900171655,1.1872357871273707,-1.4142304391507845,-1.1744648126167225,1.4013621615431615,-1.4412134811090944,-1.4092593326191702,-1.413145574369669,-1.530725371303602,1.504175983743767,1.1065032984543863,1.4358416861056593,-1.4853802745555684,1.6254396105039506,0.8814526556534071,-1.377240089935996,-1.6315635443693126,-1.5060631113940712,0.07512121299566968,-2.0698694080299425,1.1344807256326972,1.2306068375220722
Vaginal,-1.8683375221612177,-0.46214709318769764,-1.3910906627909412,0.7574971142197798,-0.5620642607269725,-0.8349778547752226,0.690948756512736,0.8395808291664757,0.8300010315394668,0.8688364219324506,0.25332964638685024,0.4812539722915458,-1.8619134692544648,0.7990964552679163,-0.8215036808167238,-0.5366448160628322,1.4292296102333781,0.7540852189990955,0.5477012423598011,1.6750667174181115,1.8426770082311927,0.1748732745279984,-0.22945139040235102
Vaginal,1.209657099538328,-1.272938841133256,-0.9526447513079145,0.7574971142197798,0.9862785500741181,-0.8349778547752226,0.690948756512736,0.8395808291664757,0.8300010315394668,0.8688364219324506,1.5885608495384367,1.172491634219912,-0.7641190858661362,0.7990964552679163,-0.8215036808167238,-2.35635452110119,0.5354901238174576,0.7540852189990955,0.5477012423598011,0.07512121299566968,0.5757347031008939,-0.5197964365372114,-0.22945139040235102
Vaginal,-0.7934617953756371,0.8887648834341607,-0.17191501571287485,0.7574971142197798,0.1979370684155734,-0.8349778547752226,0.690948756512736,0.8395808291664757,1.225206742765964,0.8688364219324506,-0.7681789280125554,-0.670461296835518,-0.7641190858661362,0.7990964552679163,-0.8215036808167238,-0.5366448160628322,0.5354901238174576,0.7540852189990955,1.3808420735450753,-0.21305328661563902,0.5757347031008939,-0.8848287539335563,-0.6417008946658964
Vaginal,0.7202777447383314,-0.7448158342145933,0.35069143109269085,0.7574971142197798,0.21432877976887443,-0.8349778547752226,1.9906617468643213,0.8395808291664757,1.290461160953666,0.8688364219324506,1.0127888398500509,0.7222422163662574,-0.7641190858661362,0.7990964552679163,-0.8215036808167238,-1.1976604508949265,0.5354901238174576,0.7540852189990955,0.5477012423598011,2.0304539270869126,0.5757347031008939,1.042765188246948,-1.3912361488893163
Vaginal,0.9995715920832408,-1.046221083592058,0.5814864560332758,-1.124247899573953,0.3127501603349814,1.1027521649610335,-1.156513948013518,-1.1089802390446266,-1.1136267197071061,-1.2103209901950311,1.341387866764663,0.9792042049416565,1.1420892719800124,-0.18482083737244853,0.07831860518337767,1.2174989858642975,-1.1218404823522907,-1.3130169173459474,-0.9181894462281627,0.07512121299566968,-0.36134656577642127,-2.075475489083908,1.7979979964944333
Vaginal,1.1231666249203662,-1.1796010060222344,1.3163325521925655,-1.1377920726564685,-1.3048202101490767,1.1166992994463707,-1.1698113684664353,-1.1230053318049336,-1.1276163040970717,-1.2252860718874097,0.25730860893093477,1.0929167901553545,1.1558095240549493,-1.194590108677462,1.1836261027457946,1.2301247279764151,-1.1337693953667372,-0.8358421820705351,-1.2446402352902837,-0.7180195747943581,-1.271433402400529,0.9793503083753575,1.687950592471507
Vaginal,-0.8806438033482901,0.9828489998729129,-0.6851623847777157,1.556113436295882,0.7161883568432474,-0.6070971123385674,1.3958437699451272,0.8395808291664757,0.6014267046397677,1.3433108810682763,-0.8707516243201022,-0.750672380429435,-0.5399453509285611,0.7990964552679163,-0.5721626817478409,-0.782090503651457,0.34058488668418607,0.51099006914596,0.33842477173891344,-0.040996087826220565,2.172199447042575,-1.1305093372106334,0.008980520562038907
Vaginal,-1.1681762454982967,1.293145084996872,-0.9526447513079145,0.7574971142197798,0.9862785500741181,-0.8349778547752226,1.0162386102241727,0.8395808291664757,0.8300010315394668,0.8688364219324506,-1.2090436475603927,-1.015214219847629,-0.7641190858661362,0.7990964552679163,-0.8215036808167238,-0.5366448160628322,0.5354901238174576,0.7540852189990955,0.5477012423598011,0.9793494292562596,0.5757347031008939,-0.3325668679988924,-0.22945139040235102
Vaginal,0.24930619302931112,0.9292175907663376,0.6421692384258452,-0.9423362405542738,-1.3760442915730038,0.9154283351974027,-0.977916421199934,-0.9206093524361316,-0.9257327456807672,-1.0093251212379248,1.3220744284454051,0.964101240202706,0.9578126976986355,-0.9889868324042707,1.0937438452240178,1.047922764416353,-0.961623365844774,-0.4363833908527704,-1.0598011102896465,-1.669919505806459,0.5199538700880044,1.0051787500390839,-0.5389382588223187
Vaginal,1.2330952327322175,-1.2982325468392844,-0.3473235081735151,-1.2166276703584684,0.37505571080533734,1.1978803857100384,-1.2472107108193335,-1.2046401842133208,-1.2090444754786982,-1.3123922505142132,1.6161366369516699,1.1940556943352763,1.2356700121305253,-1.2775185994784504,1.4027953065753516,0.9916310494827272,-1.2032031645381491,-1.0468516843056144,-1.319193666320783,-0.9660930586761168,-1.8291492050392752,1.1080657203600794,-0.3002621953209669
Vaginal,1.1675093435003574,-1.2274542912941147,-0.36285078200000714,-1.5161289900397041,0.3907343682157219,1.5062923617444126,-1.5412556074506527,-1.5147760459431368,-1.5183951431835792,-1.6433140195065885,1.5389725333174633,1.1337139407316164,1.5390649538348338,-1.5925690736050553,1.3776350239139414,1.5828066024085086,-1.4669863551709859,-1.7434993862017272,-1.6024267695288306,-1.5514060973121435,-2.194002485741096,1.0272788189054665,0.12039917850509059
Vaginal,0.9523269108286191,1.1605918602433214,1.5858230251170646,-0.9770139037770503,-1.576938087862855,0.9511377158778416,-1.011962314248451,-0.6612318119863265,-0.9615508124720202,-1.0476407909999703,0.8861882339037906,0.9357371276672822,0.9929411826853247,-1.0254648494346008,1.1328160922238568,1.0802489337759904,-0.9921654170728978,-0.8380296330279619,-1.092595163341046,0.06231234176177342,-0.25007821615413733,1.17671825378678,0.9741484880675515
Vaginal,0.9036996221626279,1.0825376971387917,1.5198789624706224,-1.276854969322439,-1.5103511017611175,1.259899545774043,-1.3063407671312484,-1.2670060037820967,-1.271252398864129,-1.3789379483295088,1.2285911248249965,0.8909979939075181,1.2966802870689786,-1.340872707948352,1.4706550088319845,1.3597577635240166,-1.2562478359299902,-0.611617724386789,-1.1498853434349818,-0.7625511136851378,-0.26073532776682223,1.1739560492564334,-0.24728620571065027
Vaginal,0.7993389413904695,0.9991964477479973,1.2967279555462063,-1.3194631227477016,-1.285024477947677,1.3037753617706038,-1.3481726698518015,-1.311127066064307,-1.31526175657182,-1.4260160898214838,1.1058071162409178,0.7949818148358059,1.3398423614075636,-1.3856929409696128,1.1666913048166347,1.399476656197898,-1.0186450428383795,-0.6368440762001691,-1.1210272501595893,-0.8032954062432335,-0.5276258664897072,1.114987809117496,-0.12037189158986364
Vaginal,1.2068632840708466,-1.269923842214748,-0.5350343286984794,0.4119945265969973,0.5645966231457739,-0.4791959974961215,0.35174065962848283,0.4818103096364873,0.4731363062400006,0.4870874279404967,1.5852738274549905,0.09817921305717757,-1.199125677629563,0.43565647390697243,-0.43221671081655766,-1.7354805529066513,0.9137015273335599,0.37454966463196177,1.1290417684153868,1.7742743194269175,0.15484255905523248,-0.8848287539335563,-1.7823340312216376
Vaginal,1.0049283786514778,-1.0520019613550662,1.2339231954342267,0.12543451241453465,-0.6529345271649831,-0.18411035206219048,0.07040129912538903,0.1850752667646401,0.17715252954341054,0.17046462668984202,0.12218481912026906,0.36703960962275867,-0.12383944892739362,0.134219176635632,-0.7438185509621945,-0.6272315164659891,-0.021193532739817476,1.020413268294289,-0.050029186079001725,-1.0854140689459364,1.2552109177783197,1.2886422584350599,-0.2870723016452808
Vaginal,1.2859154063647908,-1.355234438421329,-0.3778203291134463,1.233067920273873,0.40584986134110124,-0.8349778547752226,0.690948756512736,0.8395808291664757,0.8300010315394668,0.8688364219324506,1.6782814275445326,0.5394473551684799,-0.7641190858661362,0.7990964552679163,-0.8215036808167238,-0.5366448160628322,0.5354901238174576,0.7540852189990955,0.9974401461389695,1.1759065618678437,0.5757347031008939,-0.8848287539335563,-0.7418458604780246
Vaginal,1.287594336931309,-1.3570462881663181,-0.9526447513079145,0.7574971142197798,0.9862785500741181,-0.8349778547752226,0.690948756512736,0.8395808291664757,0.8300010315394668,0.8688364219324506,1.6802567483604394,1.2441971432920167,-0.7641190858661362,0.7990964552679163,-0.8215036808167238,-0.9940688628240738,0.5354901238174576,0.7540852189990955,0.5477012423598011,1.1025678216678374,0.5757347031008939,-0.8848287539335563,-0.22945139040235102
Vaginal,1.1685644849175527,-0.7987011036089313,-0.3476060142254898,0.7574971142197798,0.37534097115784787,-0.8349778547752226,0.690948756512736,0.8395808291664757,0.8300010315394668,0.8688364219324506,-1.0295166554005188,1.1346847148441443,-0.7641190858661362,0.7990964552679163,-0.8215036808167238,-1.0032693567251227,0.5354901238174576,0.7540852189990955,0.5477012423598011,0.03665511648783996,0.5757347031008939,0.5930366546705801,-0.5897917909770918
Vaginal,0.2491395955177004,-0.900568406054975,-0.5762614824367073,0.3379513165304617,-0.024427551610171776,-0.663911544267745,1.1488209010850206,0.40513801055056947,0.3966581241155477,0.4052764025895218,1.1825939233776517,0.8550285253920671,-0.33911904590733705,1.2048498470173852,-0.3487902534513313,-0.14554843730449255,0.1659787999646148,0.2932129922409395,0.15094419853804725,-0.46469758366931446,0.5757347031008939,-0.8848287539335563,0.222580029404865
Vaginal,0.9203711098783152,-0.9607503819753787,1.2456400964850833,-1.4403572957517086,-0.4647188239567581,1.4282663350554312,-1.4668643492144389,-1.4363138884883828,-1.4401316342078283,-1.559593176005731,1.248205716025885,0.9063364579541068,1.4623082009904376,-1.5128635543231488,1.6548774358811285,1.5121729900314311,-1.4002510923674156,-0.33707337096325857,-1.5307708177909154,-2.12390486177146,-2.101697212179249,1.1095410791633387,1.7436562110872702
Vaginal,1.141535608442141,-1.199424242773862,1.4753941666359505,-1.1851992189956735,-1.4654326001840579,1.1655168862810006,-0.35336552805503835,-1.1720957872249937,-1.1765824735604473,-0.8571031392367122,-0.10607984237041118,1.1098170211440985,1.2038329798956746,-1.2444584830373884,0.2674965504113484,1.2743171936443933,-1.1755228284850379,-1.3799721114164116,-1.289472335483304,-1.368835180571629,-0.22233754779427392,1.256138340433758,1.8636688043277325
Vaginal,1.1453863383188128,-1.2035798309108616,-0.4967266746919694,-0.6512369502652409,0.525915487611288,0.6156683627345191,-0.6921204827593604,-0.6191738551274255,-0.6250604150373736,-0.6876868319729609,1.5129440402296617,1.1133598532400533,0.66292901471051,-0.6827745942709379,0.7657545196866365,0.7765629297613765,-0.7052401897535259,-0.7934130726893339,-0.7845136577402728,-0.7976595030033617,-1.140388770447765,1.3216825152013665,1.2883615940373385
Vaginal,1.1547598774227572,-1.213695463310328,-0.9526447513079145,-0.8684824555685249,0.9862785500741181,0.8393772787636116,-0.9054081311026508,-0.8441332044413861,-0.849450218037182,-0.5433167764252198,1.5239723384094583,1.1219839001749805,0.36228446837591444,-0.9112987941660128,1.0105308181437826,0.4093150945114963,-0.8965772850308841,-1.0320578650666083,-0.9899588914725918,0.11358730950349939,-0.9812155357521927,1.384999690056479,0.8638944565093105
Vaginal,1.1463618559367856,-1.2046325792392347,-0.5866327103662666,0.06895589254698958,0.6166980646569826,-0.1259514004569594,0.014951627122249874,0.1265912325020385,0.11881656365961867,0.10806087896442962,1.5140917709908341,1.1142573701362817,-0.06662658722617958,0.39334306351844767,-0.04570594294896082,0.10520639518796675,-0.07093658751852919,-0.0022792298759440697,-0.10344001841529303,-0.5638830292168799,-0.26304799038817267,1.1214014722258365,-0.6921258111374229
Vaginal,1.164754837222012,-1.2244817136321684,0.46206710340508933,0.7574971142197798,-0.4422260768366789,-0.8349778547752226,0.690948756512736,0.8395808291664757,0.8300010315394668,0.8688364219324506,1.535731759876519,1.1311796800683196,-0.7641190858661362,0.7990964552679163,-0.8215036808167238,-0.5366448160628322,0.5354901238174576,0.7540852189990955,0.5477012423598011,-0.340521796366532,0.5757347031008939,-0.8848287539335563,-0.5580917435364424
Vaginal,-0.939213535280062,1.0460556362764224,-0.9526447513079145,0.7574971142197798,0.9862785500741181,-0.8349778547752226,0.690948756512736,0.8395808291664757,0.8300010315394668,0.8688364219324506,-0.9396609723146626,-2.3982930953604966,-0.7641190858661362,0.7990964552679163,-0.8215036808167238,-1.2701431912402847,1.6203403276685286,0.7540852189990955,2.2566633289410887,0.07512121299566968,0.5757347031008939,-0.8848287539335563,-2.1185113293363846
Vaginal,-0.9233954914398537,1.0289852944352218,-0.9526447513079145,0.7574971142197798,0.9862785500741181,-0.8349778547752226,0.690948756512736,0.8395808291664757,0.8300010315394668,0.8688364219324506,-0.9210504878267383,-0.7900057165963322,-0.7641190858661362,0.7990964552679163,-0.8215036808167238,-0.5366448160628322,0.5354901238174576,1.2093132015949528,0.5477012423598011,0.07512121299566968,0.5757347031008939,-0.8848287539335563,-0.22945139040235102
Vaginal,-0.4395336160479481,0.5068165800036293,-0.35498778175992707,0.7574971142197798,0.3827947074382035,-0.8349778547752226,0.690948756512736,1.1795763128773276,0.8300010315394668,0.8688364219324506,-0.3517699865684725,-2.8493395526053784,-0.7641190858661362,1.6984192834399976,-0.8215036808167238,-0.5366448160628322,2.517341593630177,0.7540852189990955,2.253189791551135,0.07512121299566968,0.5757347031008939,-0.5203135870910777,-2.477276507770921
Vaginal,-1.003486692741104,-0.8905668226013578,-0.6269962226403971,-0.42550158296938917,-0.7330159630622023,0.38321699736939807,-0.470497643790948,-0.38542319007624376,-0.39190155392817744,-0.4382697437638268,-0.020521904097142493,-1.5414971291000852,0.434259008600963,-0.4453197657934091,0.5114124675442688,-1.3660827307982268,0.9385636184741638,0.20662267420949484,1.140376527957738,-0.8577956640648242,-0.8653973633448537,1.0562625954811289,-1.0437458092788299
Vaginal,-1.2995934118155124,1.4349664110406375,-0.3672777807058618,0.7574971142197798,0.3952045280674073,-0.8349778547752226,0.690948756512736,0.8395808291664757,0.8300010315394668,0.8688364219324506,-1.3636605622623625,-1.1361234941150031,-0.7641190858661362,0.7990964552679163,-0.8215036808167238,-0.9880978835031217,1.3017532577797801,0.7540852189990955,0.5477012423598011,0.07512121299566968,0.5757347031008939,-0.8848287539335563,-1.5374106871196893
Vaginal,0.8328398941200585,-0.8662894113355581,1.3911172827047027,-0.8146739794460408,-1.3803340564513946,0.7839679120670097,-0.8525799572029019,-0.7884141240434229,-0.793872205778709,-0.32275474653167047,-0.7683760381841279,0.8258040886323882,0.8284907824964061,-0.33534496795059077,0.9499033745863472,0.4686769793916257,-0.41434681590535055,1.3239675863844436,-0.4721714164472787,-1.9063849043990633,0.4981595255245955,0.724656053255214,0.9325052608077004
Vaginal,0.15660662676762432,0.6701008948225259,0.4257977879446046,-0.42974178851155365,-0.4056031526860218,0.3875833559932689,-0.474660599739417,-0.3898139547016896,-0.3962812021282942,-0.4429547859546184,-0.7625863497751993,-2.0431251874273624,0.4385543382998387,-0.4497801092999919,0.29297998476886644,0.38541599406712984,1.3690748692666799,-0.5501000208704412,1.518062591777567,-0.5536187812559749,-0.8705627926810426,0.555044546877228,-1.291861750894872
Vaginal,-1.3863916942894556,1.52863642283394,-0.9526447513079145,0.7574971142197798,0.9862785500741181,-0.8349778547752226,0.690948756512736,0.8395808291664757,0.8300010315394668,0.8688364219324506,-1.4657817920350147,-1.2159815342453677,-0.7641190858661362,0.7990964552679163,-0.8215036808167238,-0.5366448160628322,1.0441570970700338,0.7540852189990955,0.5477012423598011,0.07512121299566968,0.5757347031008939,-0.4280757835398607,-0.9564156344593948
