Status,Mogibacteriaceae.,Odoribacteraceae.Odoribacter,Tissierellaceae.1.68,Tissierellaceae.Anaerococcus,Tissierellaceae.Finegoldia,Tissierellaceae.Peptoniphilus,Tissierellaceae.ph2,Tissierellaceae.WAL_1855D,Actinomycetaceae.Actinomyces,Actinomycetaceae.Varibaculum,Aerococcaceae.Aerococcus,Aerococcaceae.Facklamia,Alcaligenaceae.Sutterella,Bacteroidaceae.Bacteroides,Bifidobacteriaceae.,Bifidobacteriaceae.Bifidobacterium,Bifidobacteriaceae.Gardnerella,Campylobacteraceae.Campylobacter,Carnobacteriaceae.Granulicatella,Christensenellaceae.,Clostridiaceae.,Clostridiaceae.02d06,Clostridiaceae.Clostridium,Clostridiaceae.Sarcina,Clostridiaceae.SMB53,Coriobacteriaceae.,Coriobacteriaceae.Adlercreutzia,Coriobacteriaceae.Atopobium,Coriobacteriaceae.Collinsella,Coriobacteriaceae.Eggerthella,Corynebacteriaceae.Corynebacterium,Desulfovibrionaceae.Bilophila,Desulfovibrionaceae.Desulfovibrio,Enterobacteriaceae.,Enterobacteriaceae.Aquamonas,Enterobacteriaceae.Citrobacter,Enterobacteriaceae.Enterobacter,Enterobacteriaceae.Erwinia,Enterobacteriaceae.Klebsiella,Enterobacteriaceae.Proteus,Enterobacteriaceae.Raoultella,Enterobacteriaceae.Salmonella,Enterobacteriaceae.Serratia,Enterococcaceae.Enterococcus,Erysipelotrichaceae.,Erysipelotrichaceae.Eubacterium.,Erysipelotrichaceae.Clostridium,Erysipelotrichaceae.Coprobacillus,Erysipelotrichaceae.Holdemania,Fusobacteriaceae.Fusobacterium,Gemellaceae.,Lachnospiraceae.,Lachnospiraceae.Ruminococcus.,Lachnospiraceae.Anaerostipes,Lachnospiraceae.Blautia,Lachnospiraceae.Clostridium,Lachnospiraceae.Coprococcus,Lachnospiraceae.Dorea,Lachnospiraceae.Epulopiscium,Lachnospiraceae.Lachnobacterium,Lachnospiraceae.Lachnospira,Lachnospiraceae.Roseburia,Lactobacillaceae.Lactobacillus,Listeriaceae.Listeria,Methylobacteriaceae.Methylobacterium,Microbacteriaceae.Agrococcus,Micrococcaceae.Rothia,Moraxellaceae.,Moraxellaceae.Acinetobacter,Mycoplasmataceae.Ureaplasma,Pasteurellaceae.,Pasteurellaceae.Aggregatibacter,Pasteurellaceae.Haemophilus,Peptostreptococcaceae.,Peptostreptococcaceae.Clostridium.,Planococcaceae.,Porphyromonadaceae.Dysgonomonas,Porphyromonadaceae.Parabacteroides,Porphyromonadaceae.Porphyromonas,Prevotellaceae.Prevotella,Pseudomonadaceae.Pseudomonas,Rikenellaceae.,Rikenellaceae.Alistipes,Ruminococcaceae.,Ruminococcaceae.Anaerotruncus,Ruminococcaceae.Faecalibacterium,Ruminococcaceae.Oscillospira,Ruminococcaceae.Ruminococcus,S24.7.,Sphingomonadaceae.Sphingomonas,Staphylococcaceae.Staphylococcus,Streptococcaceae.Lactococcus,Streptococcaceae.Streptococcus,Turicibacteraceae.Turicibacter,Veillonellaceae.,Veillonellaceae.Acidaminococcus,Veillonellaceae.Dialister,Veillonellaceae.Megasphaera,Veillonellaceae.Mitsuokella,Veillonellaceae.Phascolarctobacterium,Veillonellaceae.Veillonella,Verrucomicrobiaceae.Akkermansia,Xanthomonadaceae.Stenotrophomonas
Cesarean,9.631310521089685e-6,9.631310521089685e-6,9.631310521089685e-6,9.631310521089685e-6,9.631310521089685e-6,9.631310521089685e-6,9.631310521089685e-6,9.631310521089685e-6,5.301333238182352e-5,9.631310521089685e-6,9.631310521089685e-6,9.631310521089685e-6,0.02237162626512952,0.0018024533009819994,9.631310521089685e-6,0.024439146228020642,9.631310521089685e-6,5.301333238182352e-5,1.5903999714547056e-4,1.0602666476364703e-4,5.301333238182352e-4,9.631310521089685e-6,0.0073688532010734685,9.631310521089685e-6,9.631310521089685e-6,9.631310521089685e-6,5.301333238182352e-5,9.631310521089685e-6,2.1205332952729407e-4,1.0602666476364703e-4,9.631310521089685e-6,0.002544639954327529,9.631310521089685e-6,7.951999857273527e-4,9.631310521089685e-6,9.631310521089685e-6,9.631310521089685e-6,9.631310521089685e-6,9.631310521089685e-6,9.631310521089685e-6,9.631310521089685e-6,9.631310521089685e-6,9.631310521089685e-6,9.631310521089685e-6,0.009224319834437292,2.1205332952729407e-4,9.631310521089685e-6,9.631310521089685e-6,9.631310521089685e-6,5.301333238182352e-5,5.301333238182352e-5,0.0847683184785358,0.020569172964147522,9.631310521089685e-6,0.05518687900947828,9.631310521089685e-6,0.014578666405001465,0.0031277866105275877,9.631310521089685e-6,9.631310521089685e-6,0.0689703454287524,0.10857130471797456,9.631310521089685e-6,9.631310521089685e-6,9.631310521089685e-6,9.631310521089685e-6,9.631310521089685e-6,9.631310521089685e-6,9.631310521089685e-6,9.631310521089685e-6,5.301333238182352e-5,2.650666619091176e-4,0.05248319905800528,2.650666619091176e-4,5.301333238182352e-5,5.301333238182352e-5,1.0602666476364703e-4,5.301333238182352e-5,9.631310521089685e-6,0.01463167973738329,9.631310521089685e-6,0.01463167973738329,9.631310521089685e-6,0.04659871916362287,5.301333238182352e-5,0.3967517795455672,0.0049832532438914105,0.02777898616807552,9.631310521089685e-6,9.631310521089685e-6,1.0602666476364703e-4,9.631310521089685e-6,0.006573653215346116,6.361599885818822e-4,9.631310521089685e-6,0.0010602666476364703,0.005142293241036881,9.631310521089685e-6,9.631310521089685e-6,9.631310521089685e-6,0.001113279980018294,1.5903999714547056e-4,9.631310521089685e-6
Cesarean,9.482355897517279e-5,9.630660484705254e-6,9.630660484705254e-6,9.630660484705254e-6,9.630660484705254e-6,9.630660484705254e-6,9.630660484705254e-6,9.630660484705254e-6,9.630660484705254e-6,9.630660484705254e-6,9.630660484705254e-6,9.630660484705254e-6,0.03655448198492911,0.4773417958810198,9.630660484705254e-6,0.003508471682081393,4.741177948758639e-5,9.630660484705254e-6,9.630660484705254e-6,3.3188245641310477e-4,0.002749883210280011,9.630660484705254e-6,6.163531333386231e-4,9.630660484705254e-6,2.37058897437932e-4,9.630660484705254e-6,9.630660484705254e-6,9.630660484705254e-6,6.637649128262095e-4,9.630660484705254e-6,9.630660484705254e-6,0.003034353887205529,9.630660484705254e-6,9.630660484705254e-6,9.630660484705254e-6,9.630660484705254e-6,9.630660484705254e-6,9.630660484705254e-6,9.630660484705254e-6,9.630660484705254e-6,9.630660484705254e-6,4.741177948758639e-5,9.630660484705254e-6,4.741177948758639e-5,0.0017068240615531103,0.0019438829589910423,9.630660484705254e-6,3.7929423590069114e-4,9.956473692393141e-4,9.482355897517279e-5,9.630660484705254e-6,0.05708378250305402,0.002275765415404147,9.630660484705254e-6,0.007206590482113132,9.630660484705254e-6,0.00711176692313796,0.002512824312842079,9.630660484705254e-6,9.630660484705254e-6,0.025270478466883548,0.022141301020702848,9.630660484705254e-6,9.630660484705254e-6,9.630660484705254e-6,9.630660484705254e-6,9.630660484705254e-6,9.630660484705254e-6,9.630660484705254e-6,9.630660484705254e-6,9.630660484705254e-6,0.0010430591487269008,0.0016120005025779375,3.3188245641310477e-4,9.630660484705254e-6,9.630660484705254e-6,9.630660484705254e-6,4.741177948758639e-5,9.630660484705254e-6,2.37058897437932e-4,9.630660484705254e-6,0.13502874798064604,9.630660484705254e-6,0.012516709784722807,1.8964711795034557e-4,0.1680273465040062,0.012990827579598671,0.009672003015467626,9.630660484705254e-6,9.630660484705254e-6,9.630660484705254e-6,9.630660484705254e-6,6.163531333386231e-4,3.7929423590069114e-4,9.630660484705254e-6,9.630660484705254e-6,9.630660484705254e-6,9.630660484705254e-6,9.630660484705254e-6,9.630660484705254e-6,1.8964711795034557e-4,0.002512824312842079,9.630660484705254e-6
Cesarean,1.9303236540410128e-4,9.630660484705254e-6,9.630660484705254e-6,3.217206090068355e-5,9.630660484705254e-6,9.630660484705254e-6,9.630660484705254e-6,9.630660484705254e-6,3.217206090068355e-5,9.630660484705254e-6,9.630660484705254e-6,9.630660484705254e-6,0.015281728927824683,0.3586219628599195,9.630660484705254e-6,0.004439744404294329,9.630660484705254e-6,9.630660484705254e-6,9.630660484705254e-6,4.504088526095696e-4,0.006884821032746278,3.217206090068355e-5,5.147529744109368e-4,9.630660484705254e-6,6.43441218013671e-5,9.630660484705254e-6,1.9303236540410128e-4,9.630660484705254e-6,0.0016086030450341772,9.630660484705254e-6,9.630660484705254e-6,0.0016086030450341772,9.630660484705254e-6,1.6086030450341773e-4,9.630660484705254e-6,9.630660484705254e-6,9.630660484705254e-6,9.630660484705254e-6,9.630660484705254e-6,9.630660484705254e-6,9.630660484705254e-6,9.630660484705254e-6,9.630660484705254e-6,9.630660484705254e-6,0.00608051951022919,0.011581941924246076,9.630660484705254e-6,0.0048579811960032145,0.0012547103751266583,9.630660484705254e-6,3.217206090068355e-5,0.07142197519951747,0.015667793658632884,9.630660484705254e-6,0.007978671103369517,3.217206090068355e-5,0.025448100172440685,0.004150195856188177,9.630660484705254e-6,9.630660484705254e-6,0.0426279806934057,0.006466584241037392,3.217206090068355e-5,9.630660484705254e-6,9.630660484705254e-6,9.630660484705254e-6,9.630660484705254e-6,9.630660484705254e-6,9.630660484705254e-6,9.630660484705254e-6,9.630660484705254e-6,1.286882436027342e-4,3.217206090068355e-5,9.630660484705254e-6,9.630660484705254e-6,9.630660484705254e-6,9.630660484705254e-6,3.217206090068355e-5,9.630660484705254e-6,9.630660484705254e-6,9.630660484705254e-6,0.04629559563608362,9.630660484705254e-6,0.040665484978464,3.2172060900683547e-4,0.2388775521875753,0.008107359346972253,0.07277320175734618,9.630660484705254e-6,9.630660484705254e-6,9.630660484705254e-6,9.630660484705254e-6,0.0025094207502533166,9.630660484705254e-6,9.630660484705254e-6,9.630660484705254e-6,0.0018981515931403292,9.630660484705254e-6,9.630660484705254e-6,9.630660484705254e-6,9.630660484705254e-6,9.630660484705254e-6,9.630660484705254e-6
Cesarean,9.63056762236462e-6,9.63056762236462e-6,9.63056762236462e-6,9.63056762236462e-6,9.63056762236462e-6,9.63056762236462e-6,9.63056762236462e-6,9.63056762236462e-6,5.3482996002784006e-5,1.0696599200556801e-4,9.63056762236462e-6,9.63056762236462e-6,9.63056762236462e-6,0.2263935220797847,9.63056762236462e-6,0.3835265643359641,9.63056762236462e-6,9.63056762236462e-6,1.6044898800835202e-4,9.63056762236462e-6,0.0065784085083424315,9.63056762236462e-6,0.001016176924052896,9.63056762236462e-6,9.63056762236462e-6,1.0696599200556801e-4,9.63056762236462e-6,9.63056762236462e-6,9.63056762236462e-6,0.00294156478015312,9.63056762236462e-6,9.63056762236462e-6,5.3482996002784006e-5,0.10258038633333971,9.63056762236462e-6,9.63056762236462e-6,1.0696599200556801e-4,9.63056762236462e-6,5.883129560306239e-4,9.63056762236462e-6,9.63056762236462e-6,9.63056762236462e-6,5.3482996002784006e-5,2.6741498001392e-4,1.0696599200556801e-4,9.63056762236462e-6,5.3482996002784006e-5,9.63056762236462e-6,9.63056762236462e-6,9.63056762236462e-6,9.63056762236462e-6,0.020002640505041216,0.04776031543048612,9.63056762236462e-6,5.3482996002784006e-5,9.63056762236462e-6,5.3482996002784006e-5,0.09289996405683582,9.63056762236462e-6,9.63056762236462e-6,5.3482996002784006e-5,5.3482996002784006e-5,9.62693928050112e-4,9.63056762236462e-6,9.63056762236462e-6,5.3482996002784006e-5,9.63056762236462e-6,9.63056762236462e-6,5.3482996002784006e-5,9.63056762236462e-6,9.63056762236462e-6,9.63056762236462e-6,3.74380972019488e-4,8.0224494004176e-4,0.010589633208551233,9.63056762236462e-6,9.63056762236462e-6,1.6044898800835202e-4,9.63056762236462e-6,9.63056762236462e-6,9.63056762236462e-6,9.63056762236462e-6,9.63056762236462e-6,1.6044898800835202e-4,9.63056762236462e-6,5.3482996002784006e-5,0.017809837668927072,0.004064707696211584,9.63056762236462e-6,9.63056762236462e-6,9.63056762236462e-6,9.63056762236462e-6,0.0331059745257233,9.63056762236462e-6,5.3482996002784006e-5,9.63056762236462e-6,9.63056762236462e-6,5.3482996002784006e-5,9.63056762236462e-6,9.63056762236462e-6,0.045514029598369185,9.63056762236462e-6,9.63056762236462e-6
Vaginal,9.629824723639557e-6,9.629824723639557e-6,9.629824723639557e-6,9.629824723639557e-6,9.629824723639557e-6,1.3621948898875731e-4,9.629824723639557e-6,9.629824723639557e-6,2.7243897797751463e-4,9.629824723639557e-6,9.629824723639557e-6,9.629824723639557e-6,0.04059340771864967,0.39503651806739626,9.629824723639557e-6,0.12654790527055554,9.629824723639557e-6,9.629824723639557e-6,9.629824723639557e-6,9.629824723639557e-6,0.0028606092687639036,9.629824723639557e-6,0.00967158371820177,9.629824723639557e-6,9.629824723639557e-6,9.629824723639557e-6,9.629824723639557e-6,9.629824723639557e-6,9.629824723639557e-6,4.0865846696627197e-4,9.629824723639557e-6,9.629824723639557e-6,9.629824723639557e-6,0.007219632916404137,9.629824723639557e-6,9.629824723639557e-6,9.629824723639557e-6,9.629824723639557e-6,9.629824723639557e-6,9.629824723639557e-6,9.629824723639557e-6,9.629824723639557e-6,9.629824723639557e-6,1.3621948898875731e-4,0.002996828757752661,9.535364229213011e-4,9.629824723639557e-6,0.0012259754008988157,9.629824723639557e-6,9.629824723639557e-6,9.629824723639557e-6,0.0223399961941562,0.005721218537527807,9.629824723639557e-6,0.0010897559119100585,9.629824723639557e-6,8.173169339325439e-4,0.0014984143788763305,9.629824723639557e-6,9.629824723639557e-6,0.029014751154605306,0.002724389779775146,8.173169339325439e-4,9.629824723639557e-6,9.629824723639557e-6,9.629824723639557e-6,9.629824723639557e-6,9.629824723639557e-6,9.629824723639557e-6,9.629824723639557e-6,9.629824723639557e-6,9.629824723639557e-6,9.629824723639557e-6,9.629824723639557e-6,9.629824723639557e-6,9.629824723639557e-6,9.629824723639557e-6,1.3621948898875731e-4,1.3621948898875731e-4,9.629824723639557e-6,9.629824723639557e-6,9.629824723639557e-6,9.629824723639557e-6,0.0044952431366289914,9.629824723639557e-6,0.12586680782561174,0.002179511823820117,1.3621948898875731e-4,9.629824723639557e-6,9.629824723639557e-6,1.3621948898875731e-4,9.629824723639557e-6,6.810974449437865e-4,9.629824723639557e-6,9.629824723639557e-6,9.629824723639557e-6,9.629824723639557e-6,0.19860801494560817,9.629824723639557e-6,9.629824723639557e-6,0.014847924299774546,9.629824723639557e-6,9.629824723639557e-6
Vaginal,9.63112479640842e-6,9.63112479640842e-6,9.63112479640842e-6,9.63112479640842e-6,9.63112479640842e-6,9.63112479640842e-6,9.63112479640842e-6,9.63112479640842e-6,9.63112479640842e-6,9.63112479640842e-6,9.63112479640842e-6,9.63112479640842e-6,0.047831934310954984,0.41606597796020606,2.5660908965104606e-4,0.19030130088521574,9.63112479640842e-6,9.63112479640842e-6,2.5660908965104606e-4,1.0264363586041842e-4,0.006004652697834478,5.132181793020921e-5,0.0028226999861615068,5.132181793020921e-5,9.63112479640842e-6,5.132181793020921e-5,9.63112479640842e-6,9.63112479640842e-6,0.009648501770879333,1.5396545379062765e-4,9.63112479640842e-6,0.012881776300482511,9.63112479640842e-6,0.010469650857762679,9.63112479640842e-6,9.63112479640842e-6,5.132181793020921e-5,9.63112479640842e-6,3.592527255114645e-4,9.63112479640842e-6,9.63112479640842e-6,5.132181793020921e-5,9.63112479640842e-6,1.5396545379062765e-4,0.007544307235740754,6.671836330927198e-4,9.63112479640842e-6,1.0264363586041842e-4,9.63112479640842e-6,9.63112479640842e-6,9.63112479640842e-6,0.06974635056715432,0.020682692625874313,9.63112479640842e-6,0.0029253436220219257,9.63112479640842e-6,0.008108847232973055,0.003643849073044854,9.63112479640842e-6,6.671836330927198e-4,0.04105745434416737,0.014010856294947114,9.63112479640842e-6,9.63112479640842e-6,9.63112479640842e-6,9.63112479640842e-6,5.132181793020921e-5,9.63112479640842e-6,5.132181793020921e-5,9.63112479640842e-6,9.63112479640842e-6,9.63112479640842e-6,0.001180401812394812,9.63112479640842e-6,5.132181793020921e-5,9.63112479640842e-6,9.63112479640842e-6,0.03392372165186829,9.63112479640842e-6,9.63112479640842e-6,9.63112479640842e-6,0.006517870877136569,9.63112479640842e-6,0.05399055246258009,8.724709048135565e-4,1.0264363586041842e-4,0.026276770780267116,8.724709048135565e-4,1.5396545379062765e-4,9.63112479640842e-6,9.63112479640842e-6,9.63112479640842e-6,6.158618151625106e-4,9.63112479640842e-6,9.63112479640842e-6,9.63112479640842e-6,9.63112479640842e-6,9.63112479640842e-6,9.63112479640842e-6,9.63112479640842e-6,8.211490868833474e-4,0.007236376328159499,9.63112479640842e-6
Cesarean,9.63056762236462e-6,9.63056762236462e-6,9.63056762236462e-6,9.63056762236462e-6,9.63056762236462e-6,9.63056762236462e-6,9.63056762236462e-6,9.63056762236462e-6,1.964969058804603e-4,9.63056762236462e-6,9.63056762236462e-6,9.63056762236462e-6,9.63056762236462e-6,1.964969058804603e-4,3.9299381176092065e-5,0.18722225192290262,3.9299381176092065e-5,9.63056762236462e-6,0.0029867529693829967,9.63056762236462e-6,4.715925741131048e-4,9.63056762236462e-6,0.03682352016199827,9.63056762236462e-6,9.63056762236462e-6,9.63056762236462e-6,9.63056762236462e-6,9.63056762236462e-6,3.9299381176092065e-5,9.63056762236462e-6,9.63056762236462e-6,9.63056762236462e-6,9.63056762236462e-6,0.4738719382213181,9.63056762236462e-6,9.63056762236462e-6,0.005501913364652889,5.501913364652889e-4,3.143950494087365e-4,3.9299381176092065e-5,9.63056762236462e-6,7.859876235218413e-5,1.964969058804603e-4,0.0022007653458611556,0.0062879009881747295,9.63056762236462e-6,9.63056762236462e-6,9.63056762236462e-6,9.63056762236462e-6,9.63056762236462e-6,5.89490717641381e-4,0.05140359057832842,0.03823829788433758,9.63056762236462e-6,7.859876235218413e-5,9.63056762236462e-6,7.859876235218413e-5,9.63056762236462e-6,3.9299381176092065e-5,9.63056762236462e-6,3.9299381176092065e-5,9.63056762236462e-6,9.63056762236462e-6,1.178981435282762e-4,9.63056762236462e-6,9.63056762236462e-6,0.016977332668071773,9.63056762236462e-6,0.002554459776445984,9.63056762236462e-6,9.824845294023016e-4,3.9299381176092065e-5,0.10858419018954237,9.63056762236462e-6,9.63056762236462e-6,9.038857670501174e-4,9.63056762236462e-6,7.859876235218413e-5,9.63056762236462e-6,9.63056762236462e-6,9.63056762236462e-6,9.63056762236462e-6,9.63056762236462e-6,3.9299381176092065e-5,9.63056762236462e-6,7.859876235218413e-5,7.859876235218413e-5,9.63056762236462e-6,9.63056762236462e-6,9.63056762236462e-6,9.63056762236462e-6,9.63056762236462e-6,0.02247924603272466,9.63056762236462e-6,9.63056762236462e-6,9.63056762236462e-6,9.63056762236462e-6,3.9299381176092065e-5,9.63056762236462e-6,9.63056762236462e-6,0.03890638736433114,9.63056762236462e-6,9.63056762236462e-6
Cesarean,9.631031934067786e-6,9.631031934067786e-6,9.631031934067786e-6,2.9235109280468098e-5,9.631031934067786e-6,9.631031934067786e-6,9.631031934067786e-6,2.9235109280468098e-5,2.9235109280468098e-5,9.631031934067786e-6,9.631031934067786e-6,9.631031934067786e-6,0.010319993576005238,0.33716851533163855,8.77053278414043e-5,0.016868658054830094,2.9235109280468098e-5,9.631031934067786e-6,9.631031934067786e-6,9.631031934067786e-6,1.1694043712187239e-4,9.631031934067786e-6,0.0010524639340968515,9.631031934067786e-6,9.631031934067786e-6,9.631031934067786e-6,9.631031934067786e-6,9.631031934067786e-6,9.631031934067786e-6,9.631031934067786e-6,9.631031934067786e-6,9.631031934067786e-6,9.631031934067786e-6,0.009764526499676345,9.631031934067786e-6,9.631031934067786e-6,9.631031934067786e-6,9.631031934067786e-6,1.461755464023405e-4,9.631031934067786e-6,9.631031934067786e-6,9.631031934067786e-6,2.9235109280468098e-5,9.631031934067786e-6,5.554670763288939e-4,4.092915299265534e-4,9.631031934067786e-6,1.461755464023405e-4,6.431724041702982e-4,9.631031934067786e-6,9.631031934067786e-6,0.03648541638202419,0.004940733468399109,1.754106556828086e-4,0.007513423085080301,2.9235109280468098e-5,0.0026311598352421286,5.8470218560936196e-5,9.631031934067786e-6,9.631031934067786e-6,0.0078057741778849825,7.016426227312344e-4,2.9235109280468098e-5,9.631031934067786e-6,9.631031934067786e-6,9.631031934067786e-6,9.631031934067786e-6,9.631031934067786e-6,9.631031934067786e-6,9.631031934067786e-6,9.631031934067786e-6,9.631031934067786e-6,2.631159835242129e-4,9.631031934067786e-6,8.77053278414043e-5,9.631031934067786e-6,9.631031934067786e-6,2.9235109280468098e-5,5.8470218560936196e-5,0.3294796815908755,9.631031934067786e-6,2.9235109280468098e-5,9.631031934067786e-6,0.035082131136561716,2.9235109280468098e-5,0.11869454367870048,0.010173818029602898,5.84702185609362e-4,9.631031934067786e-6,9.631031934067786e-6,9.631031934067786e-6,9.631031934067786e-6,4.6776174848748957e-4,9.631031934067786e-6,9.631031934067786e-6,9.631031934067786e-6,0.06636369806666258,2.9235109280468098e-5,9.631031934067786e-6,2.9235109280468098e-5,2.9235109280468098e-5,2.046457649632767e-4,9.631031934067786e-6
Cesarean,9.630196173002089e-6,9.630196173002089e-6,9.630196173002089e-6,9.630196173002089e-6,9.630196173002089e-6,6.16993713196748e-5,6.16993713196748e-5,6.16993713196748e-5,9.630196173002089e-6,9.630196173002089e-6,9.630196173002089e-6,4.3189559923772363e-4,0.012339874263934961,0.257471476517003,9.630196173002089e-6,0.004010459135778863,9.630196173002089e-6,9.630196173002089e-6,9.630196173002089e-6,9.630196173002089e-6,0.005984839018008456,9.630196173002089e-6,0.013388763576369433,9.630196173002089e-6,9.630196173002089e-6,0.001233987426393496,9.630196173002089e-6,9.630196173002089e-6,9.630196173002089e-6,9.630196173002089e-6,0.0013573861690328456,9.630196173002089e-6,9.630196173002089e-6,0.0035785635365411387,9.630196173002089e-6,9.630196173002089e-6,9.630196173002089e-6,9.630196173002089e-6,9.630196173002089e-6,9.630196173002089e-6,9.630196173002089e-6,9.630196173002089e-6,9.630196173002089e-6,9.630196173002089e-6,0.01258667174921366,9.630196173002089e-6,0.006910329587803578,9.630196173002089e-6,9.630196173002089e-6,9.630196173002089e-6,9.630196173002089e-6,0.16263954279866277,0.0035785635365411387,9.630196173002089e-6,0.020977786248689432,9.630196173002089e-6,0.01400575728956618,5.552943418770732e-4,9.630196173002089e-6,9.630196173002089e-6,0.038500407703477076,0.0027764717093853664,6.16993713196748e-5,9.630196173002089e-6,9.630196173002089e-6,9.630196173002089e-6,9.630196173002089e-6,9.630196173002089e-6,0.004689152220295285,9.630196173002089e-6,9.630196173002089e-6,9.630196173002089e-6,9.630196173002089e-6,9.630196173002089e-6,9.630196173002089e-6,9.630196173002089e-6,9.630196173002089e-6,0.047693614030108626,9.630196173002089e-6,9.630196173002089e-6,0.0033317660512624395,0.014684450374082603,9.630196173002089e-6,0.09822539914092229,9.630196173002089e-6,0.13635561061648133,0.011044187466221789,0.11260135265840653,9.630196173002089e-6,9.630196173002089e-6,9.630196173002089e-6,9.630196173002089e-6,0.001604183654311545,9.630196173002089e-6,9.630196173002089e-6,9.630196173002089e-6,9.630196173002089e-6,9.630196173002089e-6,9.630196173002089e-6,0.00320836730862309,6.16993713196748e-5,1.233987426393496e-4,0.003146667937303415
Vaginal,9.629638998958292e-6,0.011701724226851238,2.0175386598019374e-4,9.629638998958292e-6,2.0175386598019374e-4,0.0022192925257821313,9.629638998958292e-6,9.629638998958292e-6,9.629638998958292e-6,4.035077319603875e-4,9.629638998958292e-6,9.629638998958292e-6,9.629638998958292e-6,0.21688540592870825,2.0175386598019374e-4,0.5041829110845042,9.629638998958292e-6,9.629638998958292e-6,9.629638998958292e-6,9.629638998958292e-6,2.0175386598019374e-4,9.629638998958292e-6,0.006254369845386005,9.629638998958292e-6,9.629638998958292e-6,0.013114001288712592,9.629638998958292e-6,9.629638998958292e-6,0.011096462628910656,2.0175386598019374e-4,9.629638998958292e-6,0.009078923969108718,9.629638998958292e-6,0.029052556701147897,9.629638998958292e-6,9.629638998958292e-6,9.629638998958292e-6,9.629638998958292e-6,2.0175386598019374e-4,2.0175386598019374e-4,9.629638998958292e-6,9.629638998958292e-6,9.629638998958292e-6,0.00484209278352465,9.629638998958292e-6,0.0012105231958811624,9.629638998958292e-6,9.629638998958292e-6,9.629638998958292e-6,9.629638998958292e-6,9.629638998958292e-6,2.0175386598019374e-4,9.629638998958292e-6,9.629638998958292e-6,9.629638998958292e-6,9.629638998958292e-6,9.629638998958292e-6,9.629638998958292e-6,9.629638998958292e-6,9.629638998958292e-6,9.629638998958292e-6,9.629638998958292e-6,9.629638998958292e-6,9.629638998958292e-6,9.629638998958292e-6,9.629638998958292e-6,0.0012105231958811624,9.629638998958292e-6,9.629638998958292e-6,9.629638998958292e-6,9.629638998958292e-6,9.629638998958292e-6,2.0175386598019374e-4,9.629638998958292e-6,9.629638998958292e-6,9.629638998958292e-6,9.629638998958292e-6,0.10672779510352248,9.629638998958292e-6,9.629638998958292e-6,9.629638998958292e-6,0.012306985824791818,9.629638998958292e-6,9.629638998958292e-6,9.629638998958292e-6,9.629638998958292e-6,9.629638998958292e-6,9.629638998958292e-6,9.629638998958292e-6,9.629638998958292e-6,9.629638998958292e-6,9.629638998958292e-6,0.00161403092784155,9.629638998958292e-6,0.005043846649504844,9.629638998958292e-6,9.629638998958292e-6,0.058710375000236376,0.0014122770618613563,9.629638998958292e-6,4.035077319603875e-4,9.629638998958292e-6,9.629638998958292e-6
Vaginal,9.631310521089685e-6,0.016190755418917572,3.864142104753597e-5,1.9320710523767985e-4,9.631310521089685e-6,8.501112630457913e-4,9.631310521089685e-6,9.631310521089685e-6,9.631310521089685e-6,7.728284209507195e-5,9.631310521089685e-6,9.631310521089685e-6,3.864142104753597e-5,0.35909472579475177,1.9320710523767985e-4,0.31334328327446914,9.631310521089685e-6,9.631310521089685e-6,3.864142104753597e-5,9.631310521089685e-6,2.3184852628521579e-4,9.631310521089685e-6,0.002704899473327518,9.631310521089685e-6,9.631310521089685e-6,0.007032738630651546,9.631310521089685e-6,9.631310521089685e-6,0.006878172946461402,1.9320710523767985e-4,3.864142104753597e-5,0.010201335156549496,3.864142104753597e-5,0.08099241851563539,9.631310521089685e-6,9.631310521089685e-6,1.9320710523767985e-4,9.631310521089685e-6,7.728284209507195e-5,9.631310521089685e-6,9.631310521089685e-6,3.864142104753597e-5,1.1592426314260789e-4,0.0037095764205634526,7.728284209507195e-5,0.0010046769472359352,9.631310521089685e-6,9.631310521089685e-6,9.631310521089685e-6,9.631310521089685e-6,9.631310521089685e-6,1.9320710523767985e-4,3.091313683802878e-4,9.631310521089685e-6,3.864142104753597e-5,9.631310521089685e-6,9.631310521089685e-6,9.631310521089685e-6,7.728284209507195e-5,9.631310521089685e-6,9.631310521089685e-6,3.864142104753597e-5,9.631310521089685e-6,1.9320710523767985e-4,9.631310521089685e-6,9.631310521089685e-6,5.409798946655036e-4,9.631310521089685e-6,9.631310521089685e-6,9.631310521089685e-6,9.631310521089685e-6,9.631310521089685e-6,3.864142104753597e-5,9.631310521089685e-6,9.631310521089685e-6,9.631310521089685e-6,1.1592426314260789e-4,0.12133406208926294,9.631310521089685e-6,3.864142104753597e-5,9.631310521089685e-6,0.022102892839190574,9.631310521089685e-6,9.631310521089685e-6,9.631310521089685e-6,9.631310521089685e-6,3.864142104753597e-5,3.864142104753597e-5,9.631310521089685e-6,9.631310521089685e-6,9.631310521089685e-6,9.631310521089685e-6,4.2505563152289564e-4,9.631310521089685e-6,0.0058734959992254665,9.631310521089685e-6,3.864142104753597e-5,0.04277605309962232,0.0013910911577112949,9.631310521089685e-6,1.9320710523767985e-4,7.728284209507195e-5,9.631310521089685e-6
Vaginal,3.1543090364838914e-4,0.0061509026211435894,3.1543090364838916e-5,9.632053419814748e-6,9.632053419814748e-6,3.1543090364838916e-5,9.632053419814748e-6,1.2617236145935566e-4,3.1543090364838916e-5,9.632053419814748e-6,9.632053419814748e-6,9.632053419814748e-6,0.009179039296168125,0.39643355970529554,9.632053419814748e-6,0.018610423315254962,9.632053419814748e-6,9.632053419814748e-6,3.1543090364838916e-5,1.8925854218903348e-4,0.0023657317773629187,9.632053419814748e-6,0.004037515566699381,9.632053419814748e-6,3.1543090364838916e-5,3.1543090364838916e-5,9.632053419814748e-6,9.632053419814748e-6,3.7851708437806696e-4,1.2617236145935566e-4,9.632053419814748e-6,0.004005972476334543,3.1543090364838916e-5,9.462927109451674e-5,9.632053419814748e-6,9.632053419814748e-6,3.1543090364838916e-5,9.632053419814748e-6,9.632053419814748e-6,9.632053419814748e-6,9.632053419814748e-6,9.632053419814748e-6,3.1543090364838916e-5,9.632053419814748e-6,0.0016717837893364625,0.0203452932853211,0.0010093788916748453,2.838878132835503e-4,2.838878132835503e-4,9.632053419814748e-6,3.1543090364838916e-5,0.07352694364043952,0.0017348699700661403,6.308618072967783e-5,0.015235312646217197,9.632053419814748e-6,0.011891745067544273,6.308618072967783e-5,9.632053419814748e-6,9.632053419814748e-6,0.00965218565164071,0.010377676730032002,9.632053419814748e-6,9.632053419814748e-6,9.632053419814748e-6,9.632053419814748e-6,3.1543090364838916e-5,9.632053419814748e-6,9.632053419814748e-6,9.632053419814748e-6,9.632053419814748e-6,3.1543090364838916e-5,5.046894458374226e-4,4.7314635547258374e-4,3.1543090364838916e-5,9.632053419814748e-6,9.632053419814748e-6,0.05857551880750586,9.632053419814748e-6,3.1543090364838916e-5,9.632053419814748e-6,0.037977880799266055,9.632053419814748e-6,0.03170080581666311,5.046894458374226e-4,0.19663962533440582,0.019115112761092384,0.05551583904211649,9.632053419814748e-6,9.632053419814748e-6,9.632053419814748e-6,1.2617236145935566e-4,5.677756265671006e-4,6.308618072967783e-4,9.632053419814748e-6,9.632053419814748e-6,3.1543090364838916e-5,9.632053419814748e-6,9.632053419814748e-6,9.632053419814748e-6,0.0013248097953232343,0.007254910783912951,9.632053419814748e-6
Cesarean,9.631589108111583e-6,3.23448841437803e-5,9.631589108111583e-6,9.631589108111583e-6,9.631589108111583e-6,9.631589108111583e-6,9.631589108111583e-6,3.23448841437803e-5,9.631589108111583e-6,9.631589108111583e-6,9.631589108111583e-6,9.631589108111583e-6,9.631589108111583e-6,9.70346524313409e-4,9.631589108111583e-6,1.617244207189015e-4,9.631589108111583e-6,2.2641418900646207e-4,6.46897682875606e-5,9.631589108111583e-6,0.0172398232486349,9.631589108111583e-6,0.047773393880363495,9.631589108111583e-6,3.23448841437803e-5,9.631589108111583e-6,9.631589108111583e-6,9.631589108111583e-6,9.631589108111583e-6,9.631589108111583e-6,9.631589108111583e-6,9.631589108111583e-6,9.631589108111583e-6,0.08616677135903072,6.46897682875606e-5,1.9406930486268179e-4,3.23448841437803e-4,3.23448841437803e-5,1.293795365751212e-4,0.0030404191095153477,9.631589108111583e-6,2.587590731502424e-4,9.631589108111583e-6,0.0047546979691357035,0.09489989007785138,0.0658541841167367,3.5579372558158334e-4,9.631589108111583e-6,9.631589108111583e-6,3.23448841437803e-4,3.23448841437803e-5,0.09839313756537967,0.26891536677138944,9.631589108111583e-6,1.293795365751212e-4,3.23448841437803e-5,9.703465243134089e-5,0.23081309325001623,9.631589108111583e-6,9.631589108111583e-6,2.2641418900646207e-4,9.703465243134089e-5,3.23448841437803e-5,9.631589108111583e-6,1.617244207189015e-4,9.631589108111583e-6,9.631589108111583e-6,9.631589108111583e-6,6.46897682875606e-5,9.631589108111583e-6,3.23448841437803e-5,1.617244207189015e-4,0.003719661676534734,0.006727735901906302,0.015913682998739905,3.23448841437803e-5,9.631589108111583e-6,9.703465243134089e-5,9.631589108111583e-6,6.46897682875606e-5,9.631589108111583e-6,9.631589108111583e-6,9.631589108111583e-6,1.9406930486268179e-4,9.631589108111583e-6,1.9406930486268179e-4,0.008927188023683362,6.46897682875606e-4,9.631589108111583e-6,6.46897682875606e-5,9.631589108111583e-6,9.631589108111583e-6,0.006404287060468499,9.631589108111583e-6,9.631589108111583e-6,9.631589108111583e-6,9.631589108111583e-6,9.631589108111583e-6,9.631589108111583e-6,9.631589108111583e-6,0.03425323230826334,1.293795365751212e-4,9.631589108111583e-6
Vaginal,9.630196173002089e-6,9.630196173002089e-6,9.630196173002089e-6,9.630196173002089e-6,9.630196173002089e-6,9.630196173002089e-6,9.630196173002089e-6,9.630196173002089e-6,3.011435037712138e-4,9.630196173002089e-6,9.630196173002089e-6,9.630196173002089e-6,9.630196173002089e-6,0.0018068610226272827,1.505717518856069e-4,0.04712895834019497,9.630196173002089e-6,9.630196173002089e-6,9.630196173002089e-6,9.630196173002089e-6,0.02981320687335017,9.630196173002089e-6,6.022870075424276e-4,1.505717518856069e-4,0.0034631502933689592,9.630196173002089e-6,9.630196173002089e-6,9.630196173002089e-6,9.630196173002089e-6,0.008130874601822774,9.630196173002089e-6,9.630196173002089e-6,1.505717518856069e-4,0.15403490217897586,9.630196173002089e-6,9.630196173002089e-6,6.022870075424276e-4,9.630196173002089e-6,0.0024091480301697103,9.630196173002089e-6,9.630196173002089e-6,9.630196173002089e-6,9.630196173002089e-6,9.630196173002089e-6,0.09184876865022021,0.022585762782841034,0.08416960930405426,4.517152556568207e-4,9.630196173002089e-6,9.630196173002089e-6,9.630196173002089e-6,0.1549383326902895,0.08974076412382172,9.630196173002089e-6,0.03523378994123201,9.630196173002089e-6,0.0010540022631992483,0.06745614484475189,0.06715500134098067,9.630196173002089e-6,9.630196173002089e-6,9.630196173002089e-6,9.630196173002089e-6,9.630196173002089e-6,9.630196173002089e-6,9.630196173002089e-6,9.630196173002089e-6,9.630196173002089e-6,1.505717518856069e-4,9.630196173002089e-6,9.630196173002089e-6,9.630196173002089e-6,9.630196173002089e-6,6.022870075424276e-4,0.015659462196103115,9.630196173002089e-6,9.630196173002089e-6,9.034305113136414e-4,9.630196173002089e-6,9.630196173002089e-6,9.630196173002089e-6,9.630196173002089e-6,9.630196173002089e-6,0.024543195557353927,9.630196173002089e-6,1.505717518856069e-4,0.05932527024292912,0.03177063964786306,9.630196173002089e-6,9.630196173002089e-6,9.630196173002089e-6,9.630196173002089e-6,7.528587594280346e-4,1.505717518856069e-4,9.630196173002089e-6,9.630196173002089e-6,3.011435037712138e-4,9.630196173002089e-6,9.630196173002089e-6,9.630196173002089e-6,0.001656289270741676,9.630196173002089e-6,9.630196173002089e-6
Vaginal,9.62991758598019e-6,9.62991758598019e-6,9.62991758598019e-6,9.62991758598019e-6,9.62991758598019e-6,9.62991758598019e-6,9.62991758598019e-6,9.62991758598019e-6,6.514019996951542e-5,9.62991758598019e-6,9.62991758598019e-6,9.62991758598019e-6,9.62991758598019e-6,0.4948049589684391,9.62991758598019e-6,0.13190890493826873,9.62991758598019e-6,9.62991758598019e-6,6.514019996951542e-5,9.62991758598019e-6,0.011725235994512775,9.62991758598019e-6,0.00911962799573216,9.62991758598019e-6,9.62991758598019e-6,6.514019996951542e-5,9.62991758598019e-6,9.62991758598019e-6,9.62991758598019e-6,4.5598139978660795e-4,9.62991758598019e-6,9.62991758598019e-6,9.62991758598019e-6,0.053610384574911185,9.62991758598019e-6,6.514019996951542e-5,0.0013028039993903083,9.62991758598019e-6,0.010748132994970044,9.62991758598019e-6,9.62991758598019e-6,9.62991758598019e-6,9.62991758598019e-6,3.257009998475771e-4,0.18297882171436883,9.62991758598019e-6,5.862617997256388e-4,9.62991758598019e-6,9.62991758598019e-6,9.62991758598019e-6,9.62991758598019e-6,0.023971593588781672,0.008924207395823613,6.514019996951542e-5,0.016871311792104497,9.62991758598019e-6,9.62991758598019e-6,0.0011725235994512776,9.62991758598019e-6,9.62991758598019e-6,9.62991758598019e-6,9.62991758598019e-6,1.3028039993903085e-4,9.62991758598019e-6,9.62991758598019e-6,9.62991758598019e-6,6.514019996951542e-5,9.62991758598019e-6,9.62991758598019e-6,9.62991758598019e-6,9.62991758598019e-6,3.908411998170925e-4,9.62991758598019e-6,9.62991758598019e-6,9.62991758598019e-6,9.62991758598019e-6,9.62991758598019e-6,6.514019996951542e-5,9.62991758598019e-6,1.3028039993903085e-4,9.62991758598019e-6,9.62991758598019e-6,9.62991758598019e-6,6.514019996951542e-5,9.62991758598019e-6,9.62991758598019e-6,0.012050936994360353,0.0010422431995122468,9.62991758598019e-6,9.62991758598019e-6,9.62991758598019e-6,9.62991758598019e-6,0.0018239255991464318,9.62991758598019e-6,9.62991758598019e-6,9.62991758598019e-6,6.514019996951542e-5,6.514019996951542e-5,9.62991758598019e-6,9.62991758598019e-6,0.03458944618381269,9.62991758598019e-6,9.62991758598019e-6
Vaginal,9.630196173002089e-6,9.630196173002089e-6,9.630196173002089e-6,9.630196173002089e-6,9.630196173002089e-6,9.630196173002089e-6,9.630196173002089e-6,9.630196173002089e-6,0.011136489868852224,9.630196173002089e-6,9.630196173002089e-6,9.630196173002089e-6,9.630196173002089e-6,0.002359776663660137,9.630196173002089e-6,7.865922212200454e-4,9.630196173002089e-6,9.630196173002089e-6,9.630196173002089e-6,9.630196173002089e-6,0.12929092141422116,9.630196173002089e-6,0.006582534903894065,4.139959059052872e-5,0.0066653340850751225,9.630196173002089e-6,9.630196173002089e-6,9.630196173002089e-6,9.630196173002089e-6,9.630196173002089e-6,9.630196173002089e-6,9.630196173002089e-6,9.630196173002089e-6,0.054647459579497897,9.630196173002089e-6,9.630196173002089e-6,0.007493325896885697,1.6559836236211488e-4,0.33248011203253613,9.630196173002089e-6,9.630196173002089e-6,0.0012419877177158613,4.139959059052872e-5,0.012378477586568085,8.279918118105744e-5,4.139959059052872e-5,9.630196173002089e-6,9.630196173002089e-6,9.630196173002089e-6,9.630196173002089e-6,8.279918118105744e-5,8.279918118105744e-5,2.0699795295264355e-4,9.630196173002089e-6,9.630196173002089e-6,9.630196173002089e-6,9.630196173002089e-6,0.013868862847827118,9.630196173002089e-6,9.630196173002089e-6,4.139959059052872e-5,9.630196173002089e-6,4.139959059052872e-5,8.279918118105742e-4,9.630196173002089e-6,9.630196173002089e-6,0.003725963153147584,9.630196173002089e-6,9.630196173002089e-6,9.630196173002089e-6,2.89797134133701e-4,9.630196173002089e-6,0.032912674519470324,2.0699795295264355e-4,9.630196173002089e-6,9.630196173002089e-6,9.630196173002089e-6,4.139959059052872e-5,9.630196173002089e-6,9.630196173002089e-6,9.630196173002089e-6,0.37193392186531,8.279918118105744e-5,9.630196173002089e-6,9.630196173002089e-6,9.630196173002089e-6,9.630196173002089e-6,9.630196173002089e-6,9.630196173002089e-6,9.630196173002089e-6,4.139959059052871e-4,9.630196173002089e-6,0.008528315661648916,9.630196173002089e-6,9.630196173002089e-6,9.630196173002089e-6,9.630196173002089e-6,1.6559836236211488e-4,9.630196173002089e-6,4.139959059052872e-5,4.139959059052871e-4,9.630196173002089e-6,9.630196173002089e-6
Vaginal,9.631403383430318e-6,9.631403383430318e-6,9.631403383430318e-6,6.261754796888328e-5,9.631403383430318e-6,9.631403383430318e-6,9.631403383430318e-6,9.631403383430318e-6,0.00381967042610188,9.631403383430318e-6,9.631403383430318e-6,9.631403383430318e-6,6.261754796888328e-5,5.009403837510663e-4,3.130877398444164e-5,0.13929273545678086,9.631403383430318e-6,5.322491577355079e-4,0.00172198256914429,9.631403383430318e-6,0.1398562933885008,9.631403383430318e-6,0.1035381155665485,3.130877398444164e-5,9.631403383430318e-6,6.261754796888328e-5,9.631403383430318e-6,0.0029117159805530724,9.631403383430318e-6,0.0014715123772687572,1.8785264390664983e-4,0.00610521092696612,6.261754796888328e-5,0.07858502270094851,9.631403383430318e-6,9.631403383430318e-6,6.261754796888328e-4,9.631403383430318e-6,5.009403837510663e-4,9.631403383430318e-6,3.130877398444164e-5,5.009403837510663e-4,1.2523509593776656e-4,3.130877398444164e-4,3.130877398444164e-5,6.261754796888328e-5,9.631403383430318e-6,9.631403383430318e-6,9.631403383430318e-6,9.631403383430318e-6,9.631403383430318e-6,0.04442715028392268,2.191614178910915e-4,9.631403383430318e-6,1.2523509593776656e-4,9.631403383430318e-6,9.631403383430318e-6,0.0028490984325841894,9.631403383430318e-6,9.631403383430318e-6,3.130877398444164e-5,9.631403383430318e-6,9.631403383430318e-6,3.130877398444164e-5,9.631403383430318e-6,9.631403383430318e-6,0.007827193496110411,9.631403383430318e-6,9.631403383430318e-6,9.631403383430318e-6,3.130877398444164e-5,9.631403383430318e-6,0.018660029294727216,3.130877398444164e-5,9.631403383430318e-6,3.130877398444164e-5,9.631403383430318e-6,0.38512922878261663,9.631403383430318e-6,7.514105756265993e-4,9.631403383430318e-6,6.261754796888328e-5,9.631403383430318e-6,9.392632195332492e-5,9.631403383430318e-6,3.130877398444164e-5,6.261754796888328e-5,9.631403383430318e-6,9.631403383430318e-6,9.631403383430318e-6,3.44396513828858e-4,3.130877398444164e-5,0.01847217665082057,9.631403383430318e-6,9.631403383430318e-6,9.631403383430318e-6,2.817789658599748e-4,9.631403383430318e-6,9.631403383430318e-6,9.631403383430318e-6,0.038916806062660965,9.631403383430318e-6,9.631403383430318e-6
Vaginal,9.630289035342722e-6,9.630289035342722e-6,9.630289035342722e-6,1.0510668424227865e-4,9.630289035342722e-6,9.630289035342722e-6,9.630289035342722e-6,9.630289035342722e-6,2.8904338166626625e-4,7.883001318170898e-5,9.630289035342722e-6,9.630289035342722e-6,9.630289035342722e-6,0.26195213380281895,6.569167765142416e-4,0.5717015322648141,9.630289035342722e-6,9.630289035342722e-6,9.630289035342722e-6,9.630289035342722e-6,1.5766002636341796e-4,9.630289035342722e-6,2.102133684845573e-4,9.630289035342722e-6,9.630289035342722e-6,9.630289035342722e-6,9.630289035342722e-6,9.630289035342722e-6,5.2553342121139324e-5,9.630289035342722e-6,9.630289035342722e-6,0.0016554302768158884,5.2553342121139324e-5,0.053210258897653566,9.630289035342722e-6,9.630289035342722e-6,7.883001318170898e-5,9.630289035342722e-6,1.0510668424227865e-4,9.630289035342722e-6,9.630289035342722e-6,2.6276671060569662e-5,9.630289035342722e-6,0.0015503235925736101,7.883001318170898e-5,9.630289035342722e-6,9.630289035342722e-6,9.630289035342722e-6,9.630289035342722e-6,9.630289035342722e-6,9.630289035342722e-6,0.02010165336133579,7.883001318170898e-5,9.630289035342722e-6,5.2553342121139324e-5,9.630289035342722e-6,9.630289035342722e-6,2.6276671060569662e-5,2.6276671060569662e-5,9.630289035342722e-6,9.630289035342722e-6,9.630289035342722e-6,0.004414480738175703,7.883001318170898e-5,9.630289035342722e-6,5.2553342121139324e-5,2.6276671060569662e-5,9.630289035342722e-6,9.630289035342722e-6,9.630289035342722e-6,9.630289035342722e-6,9.630289035342722e-6,9.630289035342722e-6,9.630289035342722e-6,2.6276671060569662e-5,9.630289035342722e-6,9.630289035342722e-6,0.07772639299716505,9.630289035342722e-6,9.630289035342722e-6,9.630289035342722e-6,1.5766002636341796e-4,9.630289035342722e-6,9.630289035342722e-6,9.630289035342722e-6,2.6276671060569662e-5,9.630289035342722e-6,3.1532005272683593e-4,9.630289035342722e-6,9.630289035342722e-6,5.2553342121139324e-5,9.630289035342722e-6,0.003783840632722031,9.630289035342722e-6,9.630289035342722e-6,2.6276671060569662e-5,9.630289035342722e-6,9.630289035342722e-6,9.630289035342722e-6,2.3649003954512695e-4,1.8393669742398764e-4,9.630289035342722e-6,9.630289035342722e-6
Vaginal,9.632332006836647e-6,9.632332006836647e-6,9.632332006836647e-6,1.2668453993732132e-5,1.2668453993732132e-5,9.632332006836647e-6,9.632332006836647e-6,9.632332006836647e-6,1.2668453993732132e-5,9.632332006836647e-6,9.632332006836647e-6,9.632332006836647e-6,1.2668453993732132e-5,0.3863498414468488,7.60107239623928e-5,0.04542907602152342,1.2668453993732132e-5,2.5336907987464265e-5,2.5336907987464265e-5,9.632332006836647e-6,0.003711857020163515,9.632332006836647e-6,0.00154555138723532,1.2668453993732132e-5,9.632332006836647e-6,9.632332006836647e-6,9.632332006836647e-6,9.632332006836647e-6,1.2668453993732132e-5,1.2668453993732132e-4,9.632332006836647e-6,0.0027870598786210693,2.1536371789344623e-4,0.34625418455668666,3.80053619811964e-5,9.632332006836647e-6,3.4204825783076755e-4,3.80053619811964e-5,0.0037878677441259075,4.433958897806246e-4,9.632332006836647e-6,1.7735835591224983e-4,1.7735835591224983e-4,4.8140125176182103e-4,0.0018369258290911591,3.6738516581823183e-4,1.2668453993732132e-5,9.632332006836647e-6,9.632332006836647e-6,1.2668453993732132e-5,9.632332006836647e-6,0.03360940844537135,0.007917783746082584,9.632332006836647e-6,0.006942312788565209,2.5336907987464265e-5,1.2668453993732132e-5,9.881394115111063e-4,9.632332006836647e-6,9.632332006836647e-6,3.80053619811964e-5,9.632332006836647e-6,8.867917795612492e-5,9.632332006836647e-6,9.632332006836647e-6,9.632332006836647e-6,2.5336907987464265e-5,9.632332006836647e-6,3.80053619811964e-5,9.632332006836647e-6,9.632332006836647e-6,1.2668453993732132e-5,1.6468990191851772e-4,8.867917795612492e-5,6.71428061667803e-4,9.632332006836647e-6,9.632332006836647e-6,0.11424411811547637,1.2668453993732132e-5,2.5336907987464265e-5,9.632332006836647e-6,1.1401608594358917e-4,9.632332006836647e-6,7.60107239623928e-5,1.2668453993732132e-5,0.004345279719850122,0.0012795138533669454,3.167113498433033e-4,9.632332006836647e-6,9.632332006836647e-6,9.632332006836647e-6,9.632332006836647e-6,0.001988947277015945,9.632332006836647e-6,9.632332006836647e-6,9.632332006836647e-6,2.5336907987464265e-5,9.632332006836647e-6,9.632332006836647e-6,7.221018776427316e-4,0.031367092088480764,6.334226996866066e-5,9.632332006836647e-6
Cesarean,9.631681970452217e-6,9.631681970452217e-6,9.631681970452217e-6,2.6334943828502537e-4,1.7556629219001694e-4,8.778314609500847e-5,9.631681970452217e-6,9.631681970452217e-6,8.778314609500847e-5,9.631681970452217e-6,9.631681970452217e-6,9.631681970452217e-6,0.016327665173671575,0.5819144754638111,9.631681970452217e-6,0.0011411808992351099,9.631681970452217e-6,8.778314609500847e-5,1.7556629219001694e-4,9.631681970452217e-6,0.02115573820889704,9.631681970452217e-6,0.009568362924355922,9.631681970452217e-6,9.631681970452217e-6,1.7556629219001694e-4,9.631681970452217e-6,9.631681970452217e-6,9.631681970452217e-6,2.6334943828502537e-4,9.631681970452217e-6,9.631681970452217e-6,8.778314609500847e-5,0.12026291015016158,9.631681970452217e-6,9.631681970452217e-6,0.002106795506280203,8.778314609500847e-5,0.013518604498631301,9.631681970452217e-6,9.631681970452217e-6,0.005003639327415483,1.7556629219001694e-4,0.0015800966297101523,0.006232603372745601,0.0035991089898953473,2.6334943828502537e-4,0.0014045303375201355,9.631681970452217e-6,9.631681970452217e-6,8.778314609500847e-5,0.10920223374219053,0.053108803387480114,9.631681970452217e-6,1.7556629219001694e-4,9.631681970452217e-6,8.778314609500847e-5,0.010709543823591032,9.631681970452217e-6,9.631681970452217e-6,8.778314609500847e-5,9.631681970452217e-6,5.266988765700507e-4,8.778314609500847e-5,9.631681970452217e-6,9.631681970452217e-6,9.631681970452217e-6,9.631681970452217e-6,1.7556629219001694e-4,8.778314609500847e-5,9.631681970452217e-6,9.631681970452217e-6,0.002457928090660237,7.022651687600678e-4,0.007110434833695685,9.631681970452217e-6,0.0017556629219001691,9.631681970452217e-6,8.778314609500847e-5,8.778314609500847e-5,3.511325843800339e-4,9.631681970452217e-6,9.631681970452217e-6,0.0013167471914251269,4.389157304750423e-4,9.631681970452217e-6,0.0070226516876006765,9.631681970452217e-6,8.778314609500847e-5,9.631681970452217e-6,9.631681970452217e-6,6.144820226650592e-4,6.144820226650592e-4,9.631681970452217e-6,9.631681970452217e-6,0.0070226516876006765,9.631681970452217e-6,9.631681970452217e-6,9.631681970452217e-6,9.631681970452217e-6,0.00974392921654594,9.631681970452217e-6,9.631681970452217e-6
Vaginal,4.3601386078319317e-5,9.631867695133482e-6,9.631867695133482e-6,9.631867695133482e-6,9.631867695133482e-6,9.631867695133482e-6,9.631867695133482e-6,9.631867695133482e-6,4.3601386078319317e-5,9.631867695133482e-6,9.631867695133482e-6,9.631867695133482e-6,6.540207911747899e-5,0.37274824958355185,9.631867695133482e-6,0.021604486801807224,9.631867695133482e-6,9.631867695133482e-6,9.631867695133482e-6,9.631867695133482e-6,0.02474378659944621,9.631867695133482e-6,0.003749719202735461,3.270103955873949e-4,6.540207911747899e-5,9.631867695133482e-6,9.631867695133482e-6,9.631867695133482e-6,9.631867695133482e-6,4.3601386078319317e-5,9.631867695133482e-6,0.0011118353449971429,9.631867695133482e-6,0.00830606404791983,9.631867695133482e-6,9.631867695133482e-6,1.0900346519579829e-4,9.631867695133482e-6,6.540207911747898e-4,9.631867695133482e-6,9.631867695133482e-6,4.3601386078319317e-5,6.540207911747899e-5,4.3601386078319317e-5,0.006758214842139495,2.1800693039159658e-5,6.540207911747899e-5,9.631867695133482e-6,9.631867695133482e-6,6.540207911747899e-5,4.3601386078319317e-5,0.0827336300836109,0.0037715198957746212,9.631867695133482e-6,1.7440554431327727e-4,9.631867695133482e-6,2.1800693039159658e-5,0.007455837019392604,2.1800693039159658e-5,2.1800693039159658e-5,1.526048512741176e-4,0.01901020433014722,4.3601386078319317e-5,9.631867695133482e-6,9.631867695133482e-6,9.631867695133482e-6,9.631867695133482e-6,9.631867695133482e-6,9.631867695133482e-6,9.631867695133482e-6,5.886187120573109e-4,7.630242563705881e-4,0.0374535906412763,3.4881108862655453e-4,1.7440554431327727e-4,2.1800693039159658e-5,9.631867695133482e-6,1.3080415823495798e-4,9.631867695133482e-6,2.1800693039159658e-5,9.631867695133482e-6,1.0900346519579829e-4,9.631867695133482e-6,0.003793320588813781,9.631867695133482e-6,0.21231694950837593,2.1800693039159658e-5,0.0010682339589188235,9.631867695133482e-6,9.631867695133482e-6,9.631867695133482e-6,9.631867695133482e-6,4.5781455382235285e-4,3.270103955873949e-4,2.1800693039159658e-5,0.040091474499014616,4.3601386078319317e-5,9.631867695133482e-6,2.1800693039159658e-5,9.631867695133482e-6,0.1471110766282494,5.014159399006722e-4,9.631867695133482e-6
Cesarean,9.630103310661456e-6,9.630103310661456e-6,9.630103310661456e-6,3.1068055734438875e-5,9.630103310661456e-6,9.630103310661456e-6,9.630103310661456e-6,9.630103310661456e-6,2.48544445875511e-4,9.630103310661456e-6,9.630103310661456e-6,9.630103310661456e-6,3.1068055734438875e-5,1.8640833440663327e-4,9.630103310661456e-6,9.630103310661456e-6,9.630103310661456e-6,9.630103310661456e-6,9.630103310661456e-6,9.630103310661456e-6,9.320416720331663e-5,9.630103310661456e-6,3.1068055734438875e-5,9.630103310661456e-6,9.630103310661456e-6,9.630103310661456e-6,9.630103310661456e-6,9.630103310661456e-6,9.630103310661456e-6,1.8640833440663327e-4,9.630103310661456e-6,9.630103310661456e-6,9.320416720331663e-5,0.3334534421977325,4.660208360165832e-4,6.213611146887775e-5,0.0031378736291783264,9.630103310661456e-6,0.0829517088109518,9.630103310661456e-6,2.48544445875511e-4,4.349527802821443e-4,3.1068055734438875e-5,2.1747639014107215e-4,9.630103310661456e-6,9.630103310661456e-6,9.630103310661456e-6,9.630103310661456e-6,9.630103310661456e-6,9.630103310661456e-6,9.630103310661456e-6,0.026376779318538608,0.4977102528657108,9.630103310661456e-6,3.1068055734438875e-5,9.320416720331663e-5,6.213611146887775e-5,3.1068055734438875e-5,9.630103310661456e-6,9.630103310661456e-6,3.1068055734438875e-5,9.630103310661456e-6,3.1068055734438875e-5,9.630103310661456e-6,9.630103310661456e-6,9.630103310661456e-6,9.630103310661456e-6,9.630103310661456e-6,3.1068055734438875e-5,9.630103310661456e-6,9.630103310661456e-6,9.630103310661456e-6,0.001211654173643116,9.630103310661456e-6,3.1068055734438875e-5,9.630103310661456e-6,9.630103310661456e-6,9.630103310661456e-6,9.630103310661456e-6,9.630103310661456e-6,1.242722229377555e-4,6.213611146887775e-5,9.630103310661456e-6,9.630103310661456e-6,9.630103310661456e-6,3.1068055734438875e-5,9.630103310661456e-6,9.630103310661456e-6,9.630103310661456e-6,9.630103310661456e-6,9.630103310661456e-6,9.630103310661456e-6,3.417486130788277e-4,9.630103310661456e-6,9.630103310661456e-6,9.630103310661456e-6,3.1068055734438875e-5,9.630103310661456e-6,9.630103310661456e-6,9.630103310661456e-6,0.05120015585035527,9.630103310661456e-6,9.630103310661456e-6
Cesarean,9.630660484705254e-6,9.630660484705254e-6,9.630660484705254e-6,9.630660484705254e-6,9.630660484705254e-6,9.630660484705254e-6,9.630660484705254e-6,9.630660484705254e-6,1.3424580560398067e-4,9.630660484705254e-6,9.630660484705254e-6,9.630660484705254e-6,6.712290280199034e-5,0.5376544514439425,9.630660484705254e-6,0.0030205306260895643,9.630660484705254e-6,9.630660484705254e-6,2.6849161120796135e-4,9.630660484705254e-6,0.00792050253063486,9.630660484705254e-6,0.0015438267644457774,9.630660484705254e-6,9.630660484705254e-6,9.630660484705254e-6,9.630660484705254e-6,9.630660484705254e-6,9.630660484705254e-6,0.002483547403673642,9.630660484705254e-6,1.3424580560398067e-4,9.630660484705254e-6,0.013021843143586124,9.630660484705254e-6,6.712290280199034e-5,6.712290280199034e-5,9.630660484705254e-6,1.3424580560398067e-4,6.712290280199034e-5,9.630660484705254e-6,9.630660484705254e-6,9.630660484705254e-6,0.007450642211020927,0.017519077631319473,0.009665698003486607,9.630660484705254e-6,6.04106125217913e-4,9.630660484705254e-6,9.630660484705254e-6,9.630660484705254e-6,0.166666167657342,0.00409449707092141,9.630660484705254e-6,0.1485429839008046,9.630660484705254e-6,3.356145140099516e-4,0.011545139281942335,9.630660484705254e-6,9.630660484705254e-6,0.002483547403673642,0.005973938349377139,9.630660484705254e-6,9.630660484705254e-6,9.630660484705254e-6,9.630660484705254e-6,9.630660484705254e-6,9.630660484705254e-6,9.630660484705254e-6,9.630660484705254e-6,9.630660484705254e-6,9.630660484705254e-6,9.630660484705254e-6,9.630660484705254e-6,0.002483547403673642,9.630660484705254e-6,0.0015438267644457774,1.3424580560398067e-4,9.630660484705254e-6,6.712290280199034e-5,9.630660484705254e-6,9.630660484705254e-6,9.630660484705254e-6,0.002886284820485584,0.001208212250435826,6.712290280199034e-5,0.0029534077232875743,0.014565669908031901,9.630660484705254e-6,9.630660484705254e-6,9.630660484705254e-6,9.630660484705254e-6,5.369832224159227e-4,1.3424580560398067e-4,9.630660484705254e-6,9.630660484705254e-6,6.712290280199034e-5,0.028325864982439917,9.630660484705254e-6,0.0028191619176835933,1.3424580560398067e-4,9.630660484705254e-6,9.630660484705254e-6
Vaginal,9.630196173002089e-6,9.630196173002089e-6,9.630196173002089e-6,9.630196173002089e-6,9.630196173002089e-6,9.630196173002089e-6,9.630196173002089e-6,9.993447172647733e-5,9.993447172647733e-5,9.630196173002089e-6,9.630196173002089e-6,9.630196173002089e-6,9.630196173002089e-6,0.2958060363103729,0.0034977065104267067,0.4534026982230277,9.993447172647733e-5,1.9986894345295467e-4,9.993447172647733e-5,9.630196173002089e-6,9.630196173002089e-6,9.630196173002089e-6,9.993447172647733e-5,9.630196173002089e-6,9.630196173002089e-6,9.993447172647733e-5,9.630196173002089e-6,1.9986894345295467e-4,9.630196173002089e-6,2.99803415179432e-4,9.630196173002089e-6,9.630196173002089e-6,9.630196173002089e-6,0.0050966580580503445,9.630196173002089e-6,9.630196173002089e-6,3.9973788690590934e-4,9.630196173002089e-6,0.006895478549126936,9.630196173002089e-6,9.630196173002089e-6,9.630196173002089e-6,9.630196173002089e-6,0.013591088154800916,9.630196173002089e-6,9.630196173002089e-6,9.630196173002089e-6,9.630196173002089e-6,9.630196173002089e-6,9.630196173002089e-6,9.630196173002089e-6,0.0012991481324442053,0.14370577034267443,9.630196173002089e-6,9.993447172647733e-5,9.630196173002089e-6,9.993447172647733e-5,9.630196173002089e-6,9.630196173002089e-6,9.630196173002089e-6,9.630196173002089e-6,9.630196173002089e-6,0.017388598080407058,0.001199213660717728,9.630196173002089e-6,3.9973788690590934e-4,9.630196173002089e-6,9.630196173002089e-6,9.630196173002089e-6,9.630196173002089e-6,9.630196173002089e-6,9.630196173002089e-6,9.630196173002089e-6,9.630196173002089e-6,9.630196173002089e-6,9.993447172647733e-5,9.630196173002089e-6,0.02168578036464558,9.993447172647733e-5,1.9986894345295467e-4,9.630196173002089e-6,9.630196173002089e-6,9.630196173002089e-6,1.9986894345295467e-4,9.630196173002089e-6,9.630196173002089e-6,9.630196173002089e-6,1.9986894345295467e-4,9.630196173002089e-6,9.630196173002089e-6,9.630196173002089e-6,9.630196173002089e-6,8.994102455382961e-4,9.630196173002089e-6,1.9986894345295467e-4,9.630196173002089e-6,9.993447172647733e-5,9.630196173002089e-6,2.99803415179432e-4,9.630196173002089e-6,4.996723586323868e-4,0.030679882820028544,9.630196173002089e-6
Vaginal,9.630753347045886e-6,9.630753347045886e-6,9.630753347045886e-6,9.630753347045886e-6,9.630753347045886e-6,9.630753347045886e-6,9.630753347045886e-6,5.3193662781011596e-5,5.3193662781011596e-5,9.630753347045886e-6,9.630753347045886e-6,9.630753347045886e-6,9.630753347045886e-6,0.42443223532969154,7.979049417151739e-4,0.23793525361946485,9.630753347045886e-6,1.595809883430348e-4,9.630753347045886e-6,9.630753347045886e-6,5.3193662781011596e-5,1.595809883430348e-4,5.3193662781011596e-5,9.630753347045886e-6,9.630753347045886e-6,9.042922672771971e-4,9.630753347045886e-6,9.630753347045886e-6,9.630753347045886e-6,1.595809883430348e-4,9.630753347045886e-6,9.630753347045886e-6,9.630753347045886e-6,0.024362697553703308,9.630753347045886e-6,9.630753347045886e-6,5.3193662781011596e-5,9.630753347045886e-6,0.01856458831057305,9.630753347045886e-6,9.630753347045886e-6,5.3193662781011596e-5,5.3193662781011596e-5,0.035054623772686644,5.3193662781011596e-5,9.630753347045886e-6,9.630753347045886e-6,9.630753347045886e-6,9.630753347045886e-6,5.3193662781011596e-5,9.630753347045886e-6,0.002127746511240464,0.13032447381347842,9.630753347045886e-6,1.0638732556202319e-4,9.630753347045886e-6,9.630753347045886e-6,5.3193662781011596e-5,9.630753347045886e-6,9.630753347045886e-6,5.3193662781011596e-5,1.0638732556202319e-4,0.019202912263945188,5.3193662781011596e-5,9.630753347045886e-6,9.630753347045886e-6,9.630753347045886e-6,9.630753347045886e-6,5.3193662781011596e-5,9.630753347045886e-6,9.630753347045886e-6,9.630753347045886e-6,5.3193662781011596e-5,9.630753347045886e-6,9.630753347045886e-6,9.630753347045886e-6,9.630753347045886e-6,0.0532468564437926,9.630753347045886e-6,9.630753347045886e-6,9.630753347045886e-6,9.630753347045886e-6,9.630753347045886e-6,1.0638732556202319e-4,9.630753347045886e-6,1.0638732556202319e-4,1.0638732556202319e-4,5.31936627810116e-4,9.630753347045886e-6,9.630753347045886e-6,9.630753347045886e-6,9.630753347045886e-6,2.1277465112404638e-4,5.3193662781011596e-5,1.0638732556202319e-4,9.630753347045886e-6,9.630753347045886e-6,5.3193662781011596e-5,1.0638732556202319e-4,9.630753347045886e-6,0.0015958098834303479,0.04803387749125347,9.630753347045886e-6
Vaginal,9.630660484705254e-6,9.630660484705254e-6,9.630660484705254e-6,9.630660484705254e-6,9.630660484705254e-6,3.845001922971813e-5,9.630660484705254e-6,9.630660484705254e-6,1.153500576891544e-4,9.630660484705254e-6,9.630660484705254e-6,9.630660484705254e-6,0.0725167362672484,0.29618049812651875,1.153500576891544e-4,0.1552227276303721,3.845001922971813e-5,9.630660484705254e-6,9.630660484705254e-6,9.630660484705254e-6,0.0017687008845670342,9.630660484705254e-6,0.011535005768915441,9.630660484705254e-6,9.630660484705254e-6,9.630660484705254e-6,9.630660484705254e-6,9.630660484705254e-6,0.07390093695951826,8.074504038240808e-4,9.630660484705254e-6,0.009112654557443199,2.6915013460802694e-4,0.027530213768478185,9.630660484705254e-6,9.630660484705254e-6,1.153500576891544e-4,9.630660484705254e-6,0.011804155903523468,9.630660484705254e-6,9.630660484705254e-6,2.307001153783088e-4,9.630660484705254e-6,0.003383601692215196,0.02641516321081636,9.630660484705254e-6,7.690003845943626e-5,9.630660484705254e-6,9.630660484705254e-6,9.630660484705254e-6,9.630660484705254e-6,0.02130131065326385,0.013188356595793321,9.630660484705254e-6,0.0076515538267139084,9.630660484705254e-6,9.630660484705254e-6,9.630660484705254e-6,9.630660484705254e-6,9.630660484705254e-6,3.845001922971813e-5,9.630660484705254e-6,3.845001922971813e-5,9.630660484705254e-6,9.630660484705254e-6,9.630660484705254e-6,0.0012688506345806985,9.630660484705254e-6,0.0052676526344713846,9.630660484705254e-6,3.845001922971813e-5,9.630660484705254e-6,0.010419955211253613,9.630660484705254e-6,9.630660484705254e-6,3.845001922971813e-5,9.630660484705254e-6,0.1477634238998068,9.630660484705254e-6,3.845001922971813e-5,9.630660484705254e-6,0.0016533508268778798,9.630660484705254e-6,0.0058828529421468745,9.630660484705254e-6,9.630660484705254e-6,9.630660484705254e-6,7.690003845943626e-5,9.630660484705254e-6,9.630660484705254e-6,3.845001922971813e-5,9.630660484705254e-6,0.004498652249877022,9.630660484705254e-6,9.630660484705254e-6,9.630660484705254e-6,9.630660484705254e-6,9.630660484705254e-6,9.630660484705254e-6,9.630660484705254e-6,0.02495406248008707,0.06344253172903493,6.152003076754901e-4
Vaginal,7.857013937424983e-5,9.63084620938652e-6,9.63084620938652e-6,9.63084620938652e-6,7.857013937424983e-5,9.63084620938652e-6,9.63084620938652e-6,9.63084620938652e-6,7.857013937424983e-5,7.857013937424983e-5,9.63084620938652e-6,9.63084620938652e-6,9.63084620938652e-6,0.4238859019240778,0.0025142444599759945,0.33997299307237905,1.5714027874849965e-4,9.63084620938652e-6,9.63084620938652e-6,9.63084620938652e-6,5.499909756197488e-4,9.63084620938652e-6,1.5714027874849965e-4,9.63084620938652e-6,9.63084620938652e-6,9.63084620938652e-6,9.63084620938652e-6,1.5714027874849965e-4,9.63084620938652e-6,0.0011785520906137474,9.63084620938652e-6,9.63084620938652e-6,9.63084620938652e-6,0.041013612753358415,9.63084620938652e-6,9.63084620938652e-6,1.5714027874849965e-4,9.63084620938652e-6,0.0030642354355957437,9.63084620938652e-6,9.63084620938652e-6,9.63084620938652e-6,5.499909756197488e-4,5.499909756197488e-4,0.0234924716729007,4.71420836245499e-4,0.0020428236237304957,9.63084620938652e-6,9.63084620938652e-6,9.63084620938652e-6,9.63084620938652e-6,0.0035356562718412425,0.0756630442174026,9.63084620938652e-6,0.0044784979443322406,9.63084620938652e-6,7.857013937424983e-5,0.010371258397400978,9.63084620938652e-6,9.63084620938652e-6,9.63084620938652e-6,4.71420836245499e-4,6.285611149939986e-4,9.63084620938652e-6,9.63084620938652e-6,2.357104181227495e-4,9.63084620938652e-6,9.63084620938652e-6,7.857013937424983e-5,9.63084620938652e-6,9.63084620938652e-6,9.63084620938652e-6,9.63084620938652e-6,3.928506968712492e-4,0.001492832648110747,9.63084620938652e-6,9.63084620938652e-6,9.63084620938652e-6,1.5714027874849965e-4,1.5714027874849965e-4,7.857013937424983e-5,7.857013937424983e-5,9.63084620938652e-6,4.71420836245499e-4,0.0010999819512394976,9.63084620938652e-6,0.01814970219545171,0.006599891707436987,9.63084620938652e-6,9.63084620938652e-6,9.63084620938652e-6,9.63084620938652e-6,6.285611149939986e-4,9.63084620938652e-6,9.63084620938652e-6,9.63084620938652e-6,7.857013937424983e-5,9.63084620938652e-6,9.63084620938652e-6,9.63084620938652e-6,0.03425658076717293,9.63084620938652e-6,9.63084620938652e-6
Vaginal,9.630289035342722e-6,9.630289035342722e-6,9.630289035342722e-6,9.630289035342722e-6,9.630289035342722e-6,9.630289035342722e-6,9.630289035342722e-6,9.630289035342722e-6,9.630289035342722e-6,9.630289035342722e-6,9.630289035342722e-6,9.630289035342722e-6,0.023214334795060274,0.3131659282157151,5.6897879399657546e-5,0.01485034652331062,9.630289035342722e-6,9.630289035342722e-6,9.630289035342722e-6,9.630289035342722e-6,0.008648477668747946,9.630289035342722e-6,0.002560404572984589,2.2759151759863019e-4,2.844893969982877e-4,9.630289035342722e-6,9.630289035342722e-6,9.630289035342722e-6,9.630289035342722e-6,2.844893969982877e-4,9.630289035342722e-6,9.630289035342722e-6,9.630289035342722e-6,5.120809145969179e-4,9.630289035342722e-6,9.630289035342722e-6,9.630289035342722e-6,9.630289035342722e-6,5.6897879399657546e-5,9.630289035342722e-6,9.630289035342722e-6,9.630289035342722e-6,9.630289035342722e-6,9.630289035342722e-6,0.00347077064337911,4.5518303519726037e-4,2.2759151759863019e-4,9.630289035342722e-6,9.630289035342722e-6,9.630289035342722e-6,9.630289035342722e-6,0.056158206967462,0.008136396754151029,9.630289035342722e-6,0.0101847204125387,9.630289035342722e-6,0.027936858785231854,1.1379575879931509e-4,9.630289035342722e-6,0.0017069363819897264,0.014565857126312332,0.05109429570089248,9.630289035342722e-6,9.630289035342722e-6,9.630289035342722e-6,9.630289035342722e-6,9.630289035342722e-6,9.630289035342722e-6,9.630289035342722e-6,9.630289035342722e-6,9.630289035342722e-6,9.630289035342722e-6,1.7069363819897262e-4,3.4138727639794524e-4,9.630289035342722e-6,9.630289035342722e-6,9.630289035342722e-6,0.0867123682050781,9.630289035342722e-6,5.6897879399657546e-5,9.630289035342722e-6,0.005860481578164727,9.630289035342722e-6,0.05797893910825103,9.630289035342722e-6,0.24039354046355316,0.00347077064337911,0.04352687774073802,9.630289035342722e-6,9.630289035342722e-6,9.630289035342722e-6,9.630289035342722e-6,9.630289035342722e-6,5.120809145969179e-4,9.630289035342722e-6,9.630289035342722e-6,0.011607167397530137,9.630289035342722e-6,9.630289035342722e-6,0.004494932472572946,5.6897879399657546e-5,0.00625876673396233,9.630289035342722e-6
Cesarean,9.632889180880446e-6,9.632889180880446e-6,9.632889180880446e-6,9.632889180880446e-6,9.632889180880446e-6,1.926577836176088e-5,9.632889180880446e-6,1.926577836176088e-5,5.7797335085282644e-5,9.632889180880446e-6,9.632889180880446e-6,9.632889180880446e-6,4.81644459044022e-5,0.0010981493666203704,9.632889180880446e-6,1.6375911607496748e-4,9.63288918088044e-6,2.8898667542641322e-5,9.632889180880446e-6,9.632889180880446e-6,5.7797335085282644e-5,9.632889180880446e-6,9.63288918088044e-5,9.632889180880446e-6,9.632889180880446e-6,9.632889180880446e-6,9.632889180880446e-6,9.632889180880446e-6,9.632889180880446e-6,3.853155672352176e-5,6.743022426616309e-5,9.63288918088044e-6,9.632889180880446e-6,0.47973714698620773,8.669600262792397e-5,2.8898667542641322e-5,0.0052788232711224806,5.7797335085282644e-5,0.029197287107248615,9.632889180880446e-6,1.926577836176088e-5,0.055552871906137495,6.261377967572286e-4,0.004691217031088776,0.3072313675350008,1.926577836176088e-5,0.0013004400394188594,9.632889180880446e-6,9.63288918088044e-6,9.632889180880446e-6,5.87606240033707e-4,0.0010403520315350875,2.3118934034113057e-4,9.632889180880446e-6,0.05165155178788093,9.632889180880446e-6,5.7797335085282644e-5,9.63288918088044e-6,9.632889180880446e-6,2.8898667542641322e-5,1.0596178098968485e-4,7.706311344704352e-5,0.0030921574270626213,9.632889180880446e-6,5.7797335085282644e-5,9.632889180880446e-6,0.013765398639478149,4.527457915013807e-4,0.018678172121727177,9.632889180880446e-6,9.63288918088044e-6,9.632889180880446e-6,0.0022251974007833817,9.632889180880446e-6,1.926577836176088e-5,4.238471239587394e-4,9.632889180880446e-6,5.7797335085282644e-5,9.632889180880446e-6,1.926577836176088e-5,9.63288918088044e-6,8.669600262792397e-5,9.632889180880446e-6,1.6375911607496748e-4,9.632889180880446e-6,1.6375911607496748e-4,9.63288918088044e-6,4.81644459044022e-5,9.63288918088044e-6,9.632889180880446e-6,5.587075724910656e-4,9.63288918088044e-6,0.02018090283394452,9.632889180880446e-6,9.632889180880446e-6,9.63288918088044e-6,2.8898667542641322e-5,9.63288918088044e-6,9.63288918088044e-6,9.632889180880446e-6,1.1559467017056529e-4,5.7797335085282644e-5,9.63288918088044e-6
Cesarean,9.630289035342722e-6,9.630289035342722e-6,9.630289035342722e-6,0.001694158756899176,9.630289035342722e-6,9.630289035342722e-6,9.630289035342722e-6,9.630289035342722e-6,2.4914099366164354e-4,9.630289035342722e-6,9.630289035342722e-6,9.630289035342722e-6,9.630289035342722e-6,5.481101860556158e-4,9.630289035342722e-6,0.20703616573282577,9.630289035342722e-6,9.630289035342722e-6,2.4914099366164354e-4,9.630289035342722e-6,9.467357759142453e-4,9.96563974646574e-5,0.0911357754814292,9.630289035342722e-6,9.630289035342722e-6,9.630289035342722e-6,9.630289035342722e-6,9.630289035342722e-6,9.630289035342722e-6,7.474229809849305e-4,9.630289035342722e-6,9.630289035342722e-6,1.4948459619698612e-4,0.2812303536452632,2.9896919239397223e-4,9.630289035342722e-6,8.969075771819166e-4,4.98281987323287e-5,0.08366154567157988,9.630289035342722e-6,9.630289035342722e-6,3.487973911263009e-4,4.98281987323287e-5,0.00533161726435917,0.16154302029020964,9.630289035342722e-6,7.474229809849305e-4,9.630289035342722e-6,9.630289035342722e-6,9.630289035342722e-6,9.630289035342722e-6,0.04036084097318624,1.993127949293148e-4,9.630289035342722e-6,9.96563974646574e-5,9.630289035342722e-6,9.630289035342722e-6,9.630289035342722e-6,0.009865983349001082,9.630289035342722e-6,9.630289035342722e-6,9.630289035342722e-6,9.96563974646574e-5,9.630289035342722e-6,9.630289035342722e-6,9.630289035342722e-6,3.986255898586296e-4,9.630289035342722e-6,9.630289035342722e-6,9.630289035342722e-6,9.630289035342722e-6,9.630289035342722e-6,9.96563974646574e-5,9.630289035342722e-6,9.630289035342722e-6,4.98281987323287e-5,9.630289035342722e-6,9.630289035342722e-6,9.630289035342722e-6,4.98281987323287e-5,9.630289035342722e-6,9.96563974646574e-5,9.630289035342722e-6,9.630289035342722e-6,9.630289035342722e-6,4.98281987323287e-5,9.630289035342722e-6,4.98281987323287e-5,9.630289035342722e-6,9.630289035342722e-6,9.630289035342722e-6,9.630289035342722e-6,0.0032886611163336944,9.630289035342722e-6,9.630289035342722e-6,9.630289035342722e-6,0.0034879739112630087,9.630289035342722e-6,9.630289035342722e-6,9.630289035342722e-6,0.10409110715183467,4.98281987323287e-5,9.630289035342722e-6
Cesarean,9.630939071727153e-6,9.630939071727153e-6,9.630939071727153e-6,9.630939071727153e-6,0.0035718440520843596,9.630939071727153e-6,9.630939071727153e-6,4.9608945167838333e-5,4.9608945167838333e-5,9.630939071727153e-6,9.630939071727153e-6,9.630939071727153e-6,4.9608945167838333e-5,7.937431226854133e-4,9.630939071727153e-6,2.9765367100703e-4,9.630939071727153e-6,9.630939071727153e-6,9.630939071727153e-6,9.630939071727153e-6,0.20210684261377335,9.630939071727153e-6,0.06707129386691742,5.456983968462215e-4,9.630939071727153e-6,9.630939071727153e-6,9.630939071727153e-6,9.630939071727153e-6,9.630939071727153e-6,9.630939071727153e-6,9.630939071727153e-6,9.630939071727153e-6,9.630939071727153e-6,0.6894651199426172,4.4648050651054495e-4,9.630939071727153e-6,0.007540559665511426,2.480447258391917e-4,0.005109721352287348,4.9608945167838333e-5,2.9765367100703e-4,0.0053081571329587005,0.00119061468402812,5.456983968462215e-4,9.630939071727153e-6,9.630939071727153e-6,9.630939071727153e-6,9.630939071727153e-6,9.630939071727153e-6,9.921789033567667e-5,9.630939071727153e-6,0.0015874862453708267,3.4726261617486833e-4,9.630939071727153e-6,4.9608945167838333e-5,9.630939071727153e-6,1.48826835503515e-4,9.630939071727153e-6,4.9608945167838333e-5,9.630939071727153e-6,1.9843578067135333e-4,4.9608945167838333e-5,4.9608945167838333e-5,9.630939071727153e-6,9.630939071727153e-6,9.630939071727153e-6,0.003125363545573815,4.9608945167838333e-5,9.921789033567667e-5,9.630939071727153e-6,9.630939071727153e-6,4.9608945167838333e-5,0.0015874862453708267,9.630939071727153e-6,9.630939071727153e-6,4.9608945167838333e-5,9.630939071727153e-6,9.630939071727153e-6,9.630939071727153e-6,9.921789033567667e-5,9.630939071727153e-6,4.9608945167838333e-5,9.630939071727153e-6,8.433520678532516e-4,9.630939071727153e-6,9.921789033567667e-5,9.630939071727153e-6,4.9608945167838333e-5,9.630939071727153e-6,9.630939071727153e-6,0.0043159782296019345,9.630939071727153e-6,0.0014386594098673116,9.630939071727153e-6,9.630939071727153e-6,9.630939071727153e-6,9.630939071727153e-6,9.630939071727153e-6,9.630939071727153e-6,9.630939071727153e-6,1.48826835503515e-4,9.921789033567667e-5,9.630939071727153e-6
Cesarean,9.631310521089685e-6,9.631310521089685e-6,9.631310521089685e-6,3.5417993387239766e-5,9.631310521089685e-6,9.631310521089685e-6,9.631310521089685e-6,9.631310521089685e-6,3.895979272596374e-4,9.631310521089685e-6,9.631310521089685e-6,9.631310521089685e-6,9.631310521089685e-6,3.5417993387239764e-4,0.01331716551360215,0.0042855771998560116,9.631310521089685e-6,9.631310521089685e-6,9.631310521089685e-6,9.631310521089685e-6,3.5417993387239766e-5,9.631310521089685e-6,0.12325461698759436,9.631310521089685e-6,9.631310521089685e-6,9.631310521089685e-6,9.631310521089685e-6,3.895979272596374e-4,0.046503825317445804,9.631310521089685e-6,9.631310521089685e-6,9.631310521089685e-6,9.631310521089685e-6,0.04437874571421142,9.631310521089685e-6,7.083598677447953e-5,2.479259537106784e-4,9.631310521089685e-6,1.7708996693619882e-4,9.631310521089685e-6,9.631310521089685e-6,4.958519074213568e-4,9.631310521089685e-6,3.5417993387239766e-5,0.09885161954378618,0.002868857464366421,4.2501592064687714e-4,9.631310521089685e-6,9.631310521089685e-6,9.631310521089685e-6,5.312699008085965e-4,0.01926738840265843,0.46617162896284975,9.631310521089685e-6,3.5417993387239766e-5,6.02105887583076e-4,1.4167197354895907e-4,7.083598677447953e-5,9.631310521089685e-6,9.631310521089685e-6,9.631310521089685e-6,3.5417993387239766e-5,3.5417993387239766e-5,9.631310521089685e-6,4.2501592064687714e-4,9.631310521089685e-6,0.002266751576783345,3.5417993387239766e-5,8.500318412937543e-4,9.631310521089685e-6,9.631310521089685e-6,9.631310521089685e-6,0.0021604975966216257,2.479259537106784e-4,0.011829609791338081,9.631310521089685e-6,9.631310521089685e-6,1.0625398016171929e-4,9.631310521089685e-6,3.5417993387239766e-5,5.312699008085965e-4,7.083598677447953e-5,9.631310521089685e-6,3.5417993387239766e-5,9.631310521089685e-6,1.0625398016171929e-4,0.0033647093717877777,3.5417993387239766e-5,9.631310521089685e-6,1.7708996693619882e-4,9.631310521089685e-6,9.631310521089685e-6,0.006481492789864876,9.631310521089685e-6,9.631310521089685e-6,9.631310521089685e-6,3.5417993387239766e-5,9.631310521089685e-6,9.631310521089685e-6,9.631310521089685e-6,0.1472325985107557,9.631310521089685e-6,4.2501592064687714e-4
Cesarean,9.632889180880446e-6,0.0011747155250935134,9.632889180880446e-6,9.632889180880446e-6,9.632889180880446e-6,9.632889180880446e-6,5.8735776254675664e-5,1.76207328764027e-4,9.632889180880446e-6,9.632889180880446e-6,9.632889180880446e-6,9.632889180880446e-6,0.03283329892636369,0.5266837056756767,1.1747155250935133e-4,0.030953754086214074,9.632889180880446e-6,9.632889180880446e-6,5.8735776254675664e-5,9.632889180880446e-6,0.019030391506514917,9.632889180880446e-6,0.01950027771655232,4.698862100374053e-4,5.8735776254675664e-5,9.632889180880446e-6,9.632889180880446e-6,9.632889180880446e-6,2.9367888127337834e-4,5.8735776254675664e-5,9.632889180880446e-6,7.635650913107836e-4,9.632889180880446e-6,0.018090619086440104,9.632889180880446e-6,2.3494310501870265e-4,0.005521162967939512,9.632889180880446e-6,9.397724200748106e-4,4.1115043378272967e-4,9.632889180880446e-6,2.3494310501870265e-4,5.8735776254675664e-5,2.9367888127337834e-4,0.002584374155205729,0.003817825456553918,9.632889180880446e-6,5.8735776254675664e-5,1.1747155250935133e-4,2.3494310501870265e-4,9.632889180880446e-6,0.03336192091265578,0.007459443584343809,1.1747155250935133e-4,0.014096586301122158,9.632889180880446e-6,0.007165764703070431,0.0011159797488388377,5.8735776254675664e-5,9.632889180880446e-6,0.006872085821797052,0.009338988424493431,1.76207328764027e-4,9.632889180880446e-6,5.8735776254675664e-5,9.632889180880446e-6,9.632889180880446e-6,9.632889180880446e-6,4.1115043378272967e-4,9.632889180880446e-6,9.632889180880446e-6,1.76207328764027e-4,0.002936788812733783,1.76207328764027e-4,3.52414657528054e-4,9.632889180880446e-6,0.004933805205392755,0.02155602988546597,1.76207328764027e-4,1.76207328764027e-4,9.632889180880446e-6,0.05303840595797212,5.8735776254675664e-5,0.01803188331018543,1.1747155250935133e-4,0.11641430853676715,0.0035241465752805395,0.013626700091084755,5.8735776254675664e-5,5.8735776254675664e-5,9.632889180880446e-6,9.632889180880446e-6,0.007400707808089133,2.3494310501870265e-4,9.632889180880446e-6,9.632889180880446e-6,1.1747155250935133e-4,0.0010572439725841619,9.632889180880446e-6,0.0015271301826215672,0.007929329794381216,8.810366438201349e-4,9.632889180880446e-6
Cesarean,9.630474760023989e-6,9.630474760023989e-6,9.630474760023989e-6,3.903498268874341e-5,7.806996537748681e-5,9.630474760023989e-6,9.630474760023989e-6,9.630474760023989e-6,2.732448788212039e-4,9.630474760023989e-6,9.630474760023989e-6,9.630474760023989e-6,9.630474760023989e-6,1.5613993075497363e-4,9.630474760023989e-6,0.22374852077187724,3.903498268874341e-5,9.630474760023989e-6,9.630474760023989e-6,9.630474760023989e-6,1.5613993075497363e-4,9.630474760023989e-6,0.1337728856743237,9.630474760023989e-6,9.630474760023989e-6,9.630474760023989e-6,9.630474760023989e-6,0.0014442943594835064,9.630474760023989e-6,9.630474760023989e-6,9.630474760023989e-6,9.630474760023989e-6,1.5613993075497363e-4,0.33878461475560406,3.903498268874341e-5,9.630474760023989e-6,1.5613993075497363e-4,9.630474760023989e-6,1.1710494806623024e-4,9.630474760023989e-6,9.630474760023989e-6,1.1710494806623024e-4,3.903498268874341e-5,3.903498268874341e-5,0.005933317368688999,9.630474760023989e-6,9.630474760023989e-6,9.630474760023989e-6,9.630474760023989e-6,3.1227986150994725e-4,3.903498268874341e-5,6.63594705708638e-4,0.18779730171554457,9.630474760023989e-6,9.630474760023989e-6,9.630474760023989e-6,3.903498268874341e-5,9.630474760023989e-6,9.630474760023989e-6,9.630474760023989e-6,3.903498268874341e-5,3.903498268874341e-5,0.013467069027616478,9.630474760023989e-6,9.630474760023989e-6,9.630474760023989e-6,0.0027324487882120388,7.806996537748681e-5,0.004996477784159156,9.630474760023989e-6,9.630474760023989e-6,9.630474760023989e-6,3.1227986150994725e-4,9.630474760023989e-6,9.630474760023989e-6,3.903498268874341e-5,9.630474760023989e-6,9.630474760023989e-6,9.630474760023989e-6,3.903498268874341e-5,9.630474760023989e-6,9.630474760023989e-6,9.630474760023989e-6,7.806996537748681e-5,9.630474760023989e-6,9.630474760023989e-6,3.903498268874341e-5,8.978046018410984e-4,9.630474760023989e-6,9.630474760023989e-6,7.026296883973815e-4,9.630474760023989e-6,0.02369423449206725,9.630474760023989e-6,9.630474760023989e-6,9.630474760023989e-6,9.630474760023989e-6,9.630474760023989e-6,9.630474760023989e-6,9.630474760023989e-6,0.05827922915429391,9.630474760023989e-6,9.630474760023989e-6
Cesarean,0.0010344821616204054,0.0020344815845201305,0.0062758584471637935,0.008172409076801205,0.02241378016844212,0.01899998903509478,0.0015172405037099281,0.035034462540211066,3.448273872068018e-5,8.620684680170046e-4,3.448273872068018e-5,6.896547744136036e-5,9.632517731517914e-6,0.34255152645123693,9.632517731517914e-6,4.482756033688424e-4,9.632517731517914e-6,0.004379307817526383,9.632517731517914e-6,4.482756033688424e-4,5.862065582515632e-4,9.632517731517914e-6,1.724136936034009e-4,9.632517731517914e-6,9.632517731517914e-6,8.275857292963244e-4,3.448273872068018e-5,1.724136936034009e-4,9.632517731517914e-6,1.0344821616204055e-4,0.0010344821616204054,0.008758615635052766,9.632517731517914e-6,7.586202518549641e-4,9.632517731517914e-6,9.632517731517914e-6,9.632517731517914e-6,9.632517731517914e-6,9.632517731517914e-6,9.632517731517914e-6,9.632517731517914e-6,9.632517731517914e-6,9.632517731517914e-6,9.632517731517914e-6,0.0030689637461405366,2.068964323240811e-4,4.137928646481622e-4,9.632517731517914e-6,8.275857292963244e-4,3.448273872068018e-5,9.632517731517914e-6,0.026896536202130544,0.0017931024134753696,4.482756033688424e-4,0.010379304354924734,9.632517731517914e-6,0.0035172393495093786,0.0019310333683580903,9.632517731517914e-6,9.632517731517914e-6,0.031137913064774207,6.896547744136036e-5,5.172410808102027e-4,9.632517731517914e-6,9.632517731517914e-6,9.632517731517914e-6,1.0344821616204055e-4,9.632517731517914e-6,9.632517731517914e-6,3.448273872068018e-5,9.632517731517914e-6,9.632517731517914e-6,1.724136936034009e-4,9.632517731517914e-6,9.632517731517914e-6,9.632517731517914e-6,9.632517731517914e-6,0.01699999018929533,0.043241354355732946,0.0267930879859685,3.448273872068018e-5,0.04403445734630859,1.3793095488272072e-4,0.06524134165952691,1.3793095488272072e-4,0.15482749685585404,0.022896538510531642,0.004551721511129784,9.632517731517914e-6,3.448273872068018e-5,3.448273872068018e-5,9.632517731517914e-6,0.002103447061961491,9.632517731517914e-6,9.632517731517914e-6,9.632517731517914e-6,0.01313792345257915,9.632517731517914e-6,9.632517731517914e-6,0.00962068410306977,1.3793095488272072e-4,0.057310311753770465,9.632517731517914e-6
Cesarean,9.629267549595758e-6,9.629267549595758e-6,9.629267549595758e-6,8.077613878584438e-4,9.629267549595758e-6,9.629267549595758e-6,9.629267549595758e-6,4.7515375756379044e-5,9.629267549595758e-6,9.629267549595758e-6,0.7920813138588387,9.629267549595758e-6,9.629267549595758e-6,2.3757687878189524e-4,7.127306363456856e-4,0.09474565925821982,4.7515375756379044e-5,9.629267549595758e-6,1.4254612726913714e-4,9.629267549595758e-6,9.629267549595758e-6,9.629267549595758e-6,4.7515375756379044e-5,9.629267549595758e-6,9.629267549595758e-6,9.629267549595758e-6,9.629267549595758e-6,4.7515375756379044e-5,9.629267549595758e-6,9.629267549595758e-6,4.7515375756379044e-5,9.629267549595758e-6,9.629267549595758e-6,9.503075151275809e-5,9.629267549595758e-6,9.629267549595758e-6,9.629267549595758e-6,9.629267549595758e-6,9.629267549595758e-6,9.629267549595758e-6,9.629267549595758e-6,9.629267549595758e-6,9.629267549595758e-6,4.7515375756379044e-5,9.629267549595758e-6,9.629267549595758e-6,9.629267549595758e-6,9.629267549595758e-6,9.629267549595758e-6,9.629267549595758e-6,9.629267549595758e-6,9.629267549595758e-6,9.629267549595758e-6,9.629267549595758e-6,9.629267549595758e-6,9.629267549595758e-6,9.629267549595758e-6,4.7515375756379044e-5,9.629267549595758e-6,9.629267549595758e-6,9.629267549595758e-6,9.629267549595758e-6,0.001092853642396718,9.629267549595758e-6,9.629267549595758e-6,1.9006150302551617e-4,9.629267549595758e-6,9.629267549595758e-6,9.629267549595758e-6,9.629267549595758e-6,9.629267549595758e-6,9.629267549595758e-6,9.629267549595758e-6,9.629267549595758e-6,9.629267549595758e-6,4.7515375756379044e-5,9.629267549595758e-6,4.7515375756379044e-5,9.629267549595758e-6,0.008790344514930123,1.9006150302551617e-4,4.7515375756379044e-5,9.629267549595758e-6,9.629267549595758e-6,9.629267549595758e-6,9.629267549595758e-6,9.629267549595758e-6,9.629267549595758e-6,9.629267549595758e-6,9.629267549595758e-6,9.629267549595758e-6,9.629267549595758e-6,0.06276781137417672,9.629267549595758e-6,9.629267549595758e-6,9.629267549595758e-6,0.036824416211193756,4.7515375756379044e-5,9.629267549595758e-6,9.629267549595758e-6,4.7515375756379044e-5,9.629267549595758e-6,9.629267549595758e-6
Cesarean,1.459477587886738e-4,0.0027243581640552447,9.631681970452217e-6,9.631681970452217e-6,9.631681970452217e-6,9.631681970452217e-6,9.631681970452217e-6,1.459477587886738e-4,9.631681970452217e-6,9.631681970452217e-6,9.631681970452217e-6,9.631681970452217e-6,0.01911915640131627,0.2967117936173739,4.8649252929557935e-5,0.009437955068334239,9.631681970452217e-6,4.8649252929557935e-5,9.631681970452217e-6,8.270372998024849e-4,0.004183835751941983,9.631681970452217e-6,0.0025784104052665713,9.631681970452217e-6,9.631681970452217e-6,0.0010702835644502745,4.378432763660215e-4,9.631681970452217e-6,0.0013135298290980644,9.631681970452217e-6,9.631681970452217e-6,0.0011675820703093904,9.729850585911587e-5,9.631681970452217e-6,9.631681970452217e-6,9.631681970452217e-6,9.631681970452217e-6,9.631681970452217e-6,9.631681970452217e-6,9.631681970452217e-6,9.631681970452217e-6,9.631681970452217e-6,9.631681970452217e-6,9.631681970452217e-6,0.016735343007767932,6.324402880842532e-4,4.8649252929557935e-5,1.9459701171823174e-4,0.0010702835644502745,9.631681970452217e-6,9.631681970452217e-6,0.1249312815231048,0.0053514178222513736,1.9459701171823174e-4,0.011432574438446115,9.631681970452217e-6,0.04898979770006484,0.0020919178759709915,9.631681970452217e-6,4.8649252929557935e-5,0.06626028249005791,0.0631467303025662,0.0013135298290980644,9.631681970452217e-6,9.631681970452217e-6,9.631681970452217e-6,9.631681970452217e-6,9.631681970452217e-6,9.631681970452217e-6,4.8649252929557935e-5,9.631681970452217e-6,9.631681970452217e-6,4.378432763660215e-4,0.001459477587886738,9.631681970452217e-6,9.631681970452217e-6,9.631681970452217e-6,0.013037999785121527,2.4324626464778968e-4,9.631681970452217e-6,9.729850585911587e-5,0.04427082016589773,4.8649252929557935e-5,0.07457930474101232,4.8649252929557935e-5,0.060227775126792726,0.009243358056616007,0.1023580281637899,2.4324626464778968e-4,9.631681970452217e-6,9.631681970452217e-6,9.631681970452217e-6,3.405447705069056e-4,9.631681970452217e-6,9.631681970452217e-6,0.001994619370111875,1.459477587886738e-4,9.631681970452217e-6,9.631681970452217e-6,0.005983858110335627,4.8649252929557935e-5,0.002140567128900549,9.631681970452217e-6
Vaginal,9.630381897683356e-6,3.7869040935445144e-5,0.0010603331461924638,0.020979448678236607,0.004922975321607868,0.003938380257286295,9.630381897683356e-6,1.5147616374178058e-4,7.573808187089029e-5,0.0032188684795128367,7.573808187089029e-5,0.011587926526246213,9.630381897683356e-6,1.1360712280633541e-4,7.573808187089029e-5,0.010944152830343645,0.1047078981865058,7.573808187089029e-5,9.630381897683356e-6,9.630381897683356e-6,9.630381897683356e-6,9.630381897683356e-6,0.001666237801159586,9.630381897683356e-6,9.630381897683356e-6,9.630381897683356e-6,9.630381897683356e-6,9.630381897683356e-6,9.630381897683356e-6,9.630381897683356e-6,0.002347880537997599,9.630381897683356e-6,9.630381897683356e-6,9.630381897683356e-6,9.630381897683356e-6,9.630381897683356e-6,9.630381897683356e-6,9.630381897683356e-6,9.630381897683356e-6,9.630381897683356e-6,9.630381897683356e-6,9.630381897683356e-6,9.630381897683356e-6,9.630381897683356e-6,7.573808187089029e-5,9.630381897683356e-6,3.7869040935445144e-5,9.630381897683356e-6,9.630381897683356e-6,9.630381897683356e-6,9.630381897683356e-6,3.7869040935445144e-5,7.573808187089029e-5,9.630381897683356e-6,3.7869040935445144e-5,9.630381897683356e-6,9.630381897683356e-6,9.630381897683356e-6,3.7869040935445144e-5,9.630381897683356e-6,9.630381897683356e-6,9.630381897683356e-6,0.8144873324395541,9.630381897683356e-6,9.630381897683356e-6,9.630381897683356e-6,9.630381897683356e-6,9.630381897683356e-6,9.630381897683356e-6,9.630381897683356e-6,9.630381897683356e-6,3.7869040935445144e-5,9.630381897683356e-6,9.630381897683356e-6,9.630381897683356e-6,1.1360712280633541e-4,9.630381897683356e-6,9.630381897683356e-6,3.7869040935445144e-5,0.007157248736799132,7.573808187089029e-5,9.630381897683356e-6,9.630381897683356e-6,1.5147616374178058e-4,9.630381897683356e-6,7.573808187089029e-5,9.630381897683356e-6,3.7869040935445144e-5,9.630381897683356e-6,9.630381897683356e-6,0.005756094222187661,9.630381897683356e-6,0.0018177139649013666,9.630381897683356e-6,3.7869040935445144e-5,9.630381897683356e-6,0.003256737520448282,9.630381897683356e-6,9.630381897683356e-6,9.630381897683356e-6,9.630381897683356e-6,3.7869040935445144e-5,9.630381897683356e-6
Vaginal,9.630103310661456e-6,9.630103310661456e-6,2.3004951214409777e-4,0.0019937624385821806,7.668317071469925e-4,9.201980485763911e-4,9.630103310661456e-6,9.630103310661456e-6,2.3004951214409777e-4,9.630103310661456e-6,7.668317071469924e-5,7.668317071469924e-5,7.668317071469924e-5,2.3004951214409777e-4,9.630103310661456e-6,1.5336634142939847e-4,0.01541331731365455,7.668317071469924e-5,9.630103310661456e-6,7.668317071469924e-5,7.668317071469924e-5,9.630103310661456e-6,7.668317071469924e-5,9.630103310661456e-6,9.630103310661456e-6,7.668317071469924e-5,9.630103310661456e-6,0.0010735643900057895,9.630103310661456e-6,9.630103310661456e-6,1.5336634142939847e-4,9.630103310661456e-6,9.630103310661456e-6,7.668317071469924e-5,9.630103310661456e-6,9.630103310661456e-6,9.630103310661456e-6,9.630103310661456e-6,9.630103310661456e-6,9.630103310661456e-6,9.630103310661456e-6,9.630103310661456e-6,9.630103310661456e-6,9.630103310661456e-6,7.668317071469924e-5,9.630103310661456e-6,9.630103310661456e-6,9.630103310661456e-6,9.630103310661456e-6,9.630103310661456e-6,9.630103310661456e-6,7.668317071469924e-5,2.3004951214409777e-4,9.630103310661456e-6,9.630103310661456e-6,9.630103310661456e-6,9.630103310661456e-6,9.630103310661456e-6,9.630103310661456e-6,9.630103310661456e-6,9.630103310661456e-6,9.630103310661456e-6,0.9593831488116022,9.630103310661456e-6,9.630103310661456e-6,9.630103310661456e-6,9.630103310661456e-6,9.630103310661456e-6,9.630103310661456e-6,0.009968812192910903,9.630103310661456e-6,9.630103310661456e-6,9.630103310661456e-6,2.3004951214409777e-4,9.630103310661456e-6,9.630103310661456e-6,9.630103310661456e-6,9.630103310661456e-6,7.668317071469924e-5,0.0028372773164438724,7.668317071469924e-5,9.630103310661456e-6,9.630103310661456e-6,1.5336634142939847e-4,9.630103310661456e-6,9.630103310661456e-6,9.630103310661456e-6,9.630103310661456e-6,9.630103310661456e-6,9.630103310661456e-6,7.668317071469924e-5,9.630103310661456e-6,7.668317071469925e-4,9.630103310661456e-6,9.630103310661456e-6,9.630103310661456e-6,0.0028372773164438724,3.0673268285879695e-4,9.630103310661456e-6,9.630103310661456e-6,3.8341585357349624e-4,9.630103310661456e-6,9.630103310661456e-6
Cesarean,9.628803237892595e-6,9.628803237892595e-6,9.628803237892595e-6,9.628803237892595e-6,5.687938575753348e-5,5.687938575753348e-5,9.628803237892595e-6,1.1375877151506697e-4,9.628803237892595e-6,9.628803237892595e-6,9.628803237892595e-6,9.628803237892595e-6,9.628803237892595e-6,1.1375877151506697e-4,9.628803237892595e-6,9.628803237892595e-6,9.628803237892595e-6,9.628803237892595e-6,9.628803237892595e-6,9.628803237892595e-6,9.628803237892595e-6,9.628803237892595e-6,9.628803237892595e-6,9.628803237892595e-6,9.628803237892595e-6,9.628803237892595e-6,9.628803237892595e-6,5.687938575753348e-5,5.687938575753348e-5,9.628803237892595e-6,9.628803237892595e-6,9.628803237892595e-6,9.628803237892595e-6,9.628803237892595e-6,9.628803237892595e-6,9.628803237892595e-6,9.628803237892595e-6,9.628803237892595e-6,5.687938575753348e-5,9.628803237892595e-6,9.628803237892595e-6,9.628803237892595e-6,9.628803237892595e-6,9.628803237892595e-6,9.628803237892595e-6,9.628803237892595e-6,9.628803237892595e-6,9.628803237892595e-6,9.628803237892595e-6,9.628803237892595e-6,9.628803237892595e-6,1.1375877151506697e-4,5.687938575753348e-5,9.628803237892595e-6,5.687938575753348e-5,9.628803237892595e-6,9.628803237892595e-6,9.628803237892595e-6,9.628803237892595e-6,9.628803237892595e-6,5.687938575753348e-5,9.628803237892595e-6,0.9976075468013796,9.628803237892595e-6,9.628803237892595e-6,9.628803237892595e-6,9.628803237892595e-6,9.628803237892595e-6,9.628803237892595e-6,9.628803237892595e-6,9.628803237892595e-6,9.628803237892595e-6,9.628803237892595e-6,9.628803237892595e-6,9.628803237892595e-6,9.628803237892595e-6,9.628803237892595e-6,9.628803237892595e-6,5.687938575753348e-5,3.4127631454520087e-4,5.687938575753348e-5,9.628803237892595e-6,9.628803237892595e-6,9.628803237892595e-6,9.628803237892595e-6,5.687938575753348e-5,9.628803237892595e-6,5.687938575753348e-5,5.687938575753348e-5,9.628803237892595e-6,9.628803237892595e-6,9.628803237892595e-6,1.1375877151506697e-4,9.628803237892595e-6,9.628803237892595e-6,9.628803237892595e-6,5.687938575753348e-5,9.628803237892595e-6,9.628803237892595e-6,9.628803237892595e-6,9.628803237892595e-6,9.628803237892595e-6,9.628803237892595e-6
Vaginal,1.9993591286580185e-4,9.631496245770951e-6,9.631496245770951e-6,9.631496245770951e-6,9.631496245770951e-6,9.631496245770951e-6,9.631496245770951e-6,9.631496245770951e-6,9.631496245770951e-6,9.631496245770951e-6,9.631496245770951e-6,9.631496245770951e-6,0.03858763118309975,0.3031694892088441,7.997436514632074e-4,0.17860941549344964,1.3329060857720124e-4,9.631496245770951e-6,9.631496245770951e-6,5.33162434308805e-4,3.3322652144300303e-4,9.631496245770951e-6,5.998077385974055e-4,9.631496245770951e-6,9.631496245770951e-6,6.664530428860062e-5,9.631496245770951e-6,9.631496245770951e-6,0.006397949211705659,6.664530428860062e-5,9.631496245770951e-6,0.008863825470383882,1.3329060857720124e-4,0.013262415553431522,9.631496245770951e-6,9.631496245770951e-6,9.631496245770951e-6,9.631496245770951e-6,9.631496245770951e-6,9.631496245770951e-6,9.631496245770951e-6,9.631496245770951e-6,6.664530428860062e-5,9.631496245770951e-6,0.020060236590868783,1.9993591286580185e-4,9.631496245770951e-6,6.664530428860062e-5,7.330983471746068e-4,9.631496245770951e-6,9.631496245770951e-6,0.058914448991122935,0.02099327085090919,5.33162434308805e-4,0.004865107213067844,9.631496245770951e-6,0.005864786777396855,0.010263376860444495,9.631496245770951e-6,0.004998397821645046,0.011063120511907701,0.006198013298839857,8.663889557518079e-4,9.631496245770951e-6,9.631496245770951e-6,2.665812171544025e-4,1.3329060857720124e-4,9.631496245770951e-6,9.631496245770951e-6,9.631496245770951e-6,9.631496245770951e-6,9.631496245770951e-6,6.664530428860062e-5,5.33162434308805e-4,9.631496245770951e-6,9.631496245770951e-6,6.664530428860062e-5,0.013795577987740327,1.3329060857720124e-4,9.631496245770951e-6,9.631496245770951e-6,0.03612175492442153,9.631496245770951e-6,0.03645498144586454,6.664530428860062e-5,0.10050111886720972,0.013262415553431522,0.05178340143224268,9.631496245770951e-6,9.631496245770951e-6,9.631496245770951e-6,9.631496245770951e-6,0.002532521562966823,1.9993591286580185e-4,9.631496245770951e-6,9.631496245770951e-6,0.005998077385974055,9.631496245770951e-6,9.631496245770951e-6,0.003398910518718631,0.0051983337345108465,0.03152322892850809,9.631496245770951e-6
Vaginal,2.522082161309445e-4,9.631217658749053e-6,0.002370757231630878,0.02335448081372546,0.02274918109501119,0.014476751605916213,0.0012105994374285334,0.0013114827238809113,8.070662916190223e-4,0.0010592745077499669,5.04416432261889e-4,0.0012105994374285334,9.631217658749053e-6,6.557413619404556e-4,9.631217658749053e-6,0.001008832864523778,9.631217658749053e-6,0.002824732020666578,1.0088328645237778e-4,9.631217658749053e-6,9.631217658749053e-6,9.631217658749053e-6,4.0353314580951114e-4,9.631217658749053e-6,9.631217658749053e-6,2.0176657290475557e-4,9.631217658749053e-6,9.631217658749053e-6,1.5132492967856668e-4,9.631217658749053e-6,0.033644576031868,9.631217658749053e-6,9.631217658749053e-6,9.631217658749053e-6,9.631217658749053e-6,9.631217658749053e-6,9.631217658749053e-6,9.631217658749053e-6,9.631217658749053e-6,9.631217658749053e-6,9.631217658749053e-6,9.631217658749053e-6,9.631217658749053e-6,6.557413619404556e-4,5.044164322618889e-5,9.631217658749053e-6,9.631217658749053e-6,9.631217658749053e-6,9.631217658749053e-6,4.5397478903570006e-4,9.631217658749053e-6,8.070662916190223e-4,1.0088328645237778e-4,9.631217658749053e-6,2.522082161309445e-4,9.631217658749053e-6,6.052997187142667e-4,9.631217658749053e-6,9.631217658749053e-6,9.631217658749053e-6,2.522082161309445e-4,1.0088328645237778e-4,0.6292594992467065,5.044164322618889e-5,9.631217658749053e-6,9.631217658749053e-6,9.631217658749053e-6,9.631217658749053e-6,9.631217658749053e-6,9.631217658749053e-6,9.631217658749053e-6,9.631217658749053e-6,1.0088328645237778e-4,9.631217658749053e-6,9.631217658749053e-6,5.044164322618889e-5,9.631217658749053e-6,5.044164322618889e-5,9.079495780714001e-4,0.15157713789469762,3.530915025833223e-4,9.631217658749053e-6,9.631217658749053e-6,8.070662916190223e-4,9.631217658749053e-6,4.5397478903570006e-4,5.044164322618889e-5,3.530915025833223e-4,9.631217658749053e-6,9.631217658749053e-6,0.006254763760047423,9.631217658749053e-6,8.070662916190223e-4,9.631217658749053e-6,9.631217658749053e-6,9.631217658749053e-6,0.08272429489094979,0.01281217737945198,9.631217658749053e-6,9.631217658749053e-6,0.0012105994374285334,5.044164322618889e-5,9.631217658749053e-6
