Status,Eggerthella_unclassified___Enterococcus_faecium,Haemophilus_haemolyticus___Streptococcus_parasanguinis,Clostridium_hathewayi___Enterococcus_faecium,Clostridium_hathewayi___Lactococcus_lactis,Haemophilus_haemolyticus___Haemophilus_paraphrohaemolyticus,Actinomyces_odontolyticus___Clostridium_hathewayi,Escherichia_unclassified___Haemophilus_haemolyticus,Akkermansia_muciniphila___Clostridium_difficile,Bacteroides_dorei___Granulicatella_unclassified,Bacteroides_dorei___Dorea_unclassified,Bacteroides_cellulosilyticus___Bacteroides_dorei,Clostridium_hathewayi___Lachnospiraceae_bacterium_9_1_43BFAA,Faecalibacterium_prausnitzii___Haemophilus_haemolyticus,Clostridium_hathewayi___Erysipelotrichaceae_bacterium_21_3,Bacteroides_dorei___Lachnospiraceae_bacterium_2_1_58FAA,Akkermansia_muciniphila___Alistipes_unclassified,Clostridium_clostridioforme___Clostridium_hathewayi,Bacteroides_dorei___Erysipelotrichaceae_bacterium_6_1_45,Akkermansia_muciniphila___Alistipes_onderdonkii,Anaerotruncus_unclassified___Haemophilus_haemolyticus,Clostridium_hathewayi___Enterococcus_faecalis,Clostridium_hathewayi___Collinsella_aerofaciens,Bacteroides_dorei___Roseburia_intestinalis,Bacteroides_vulgatus___Veillonella_parvula,Oscillibacter_unclassified___Streptococcus_salivarius,Akkermansia_muciniphila___Bacteroides_thetaiotaomicron,Eubacterium_eligens___Haemophilus_haemolyticus,Bacteroides_dorei___Eubacterium_rectale,Bacteroides_dorei___Ruminococcus_sp_5_1_39BFAA,Bacteroides_dorei___Dorea_formicigenerans,Clostridium_hathewayi___Enterococcus_casseliflavus,Eggerthella_unclassified___Streptococcus_australis,Collinsella_aerofaciens___Veillonella_unclassified,Actinobacillus_unclassified___Eggerthella_unclassified,Anaerostipes_hadrus___Haemophilus_haemolyticus,Clostridium_hathewayi___Lactobacillus_casei_paracasei,Eggerthella_lenta___Eggerthella_unclassified
FA,8.13193898836131,0,0,0,0,3.6835879923794312,0,-9.333340377323902,-2.7634337656802317,0,0,-7.626441858585682,0,0,-5.16659374791871,0,0,-1.4576782670443535,0,0,-4.718518291011587,0,-10.742198037194788,-10.821650815842775,0,0,0,-10.184271474762854,0,0,-4.802557218116285,8.13193898836131,-12.562607566338077,-8.13193898836131,0,0,-1.6388553882821042
none,0,-5.370208655530264,0,0,0,0,0,-8.199308351088566,0,0,0,0,0,0,0,0,0,0,0,0,0,0,-7.855265376602405,3.670848991237569,-4.034396814464063,0,0,0,0,0,0,0,0,0,5.650320498054754,0,0
none,0,0,0,0,0,0,4.693301022570712,-6.395160414264306,3.714221551282774,3.714221551282774,-3.714221551282774,0,0,0,3.714221551282774,1.149272193821237,0,3.714221551282774,1.149272193821237,0,0,0,3.714221551282774,9.274953377122653,0,1.149272193821237,0,3.714221551282774,3.714221551282774,3.714221551282774,0,-4.454047666826377,-5.565553853045437,0,0,0,0
none,0,5.161768977904374,0,0,5.161768977904374,0,5.784798055763483,4.906452189954624,1.0950264488778076,6.460004763195574,-6.460004763195574,0,-5.161768977904374,0,6.460004763195574,4.906452189954624,0,6.460004763195574,4.906452189954624,-5.161768977904374,0,0,-0.1841658860060335,-4.580924857779369,0,4.906452189954624,-5.161768977904374,6.460004763195574,6.460004763195574,6.460004763195574,0,0,-11.398523660634265,0,-5.161768977904374,0,0
FA,3.473208197815396,0.6152727256107464,7.748147237061817,7.748147237061817,5.818794726802629,-7.748147237061817,-5.818794726802629,11.626122718317333,-3.4361669261350474,0,0,7.748147237061817,5.005147598501437,7.748147237061817,-2.056142178028752,11.626122718317333,-7.748147237061817,0,11.626122718317333,-5.818794726802629,7.748147237061817,7.748147237061817,0,-4.750552788696614,9.946181900718866,11.626122718317333,-5.818794726802629,0,0,0,7.748147237061817,3.473208197815396,-10.182105951363479,-3.473208197815396,-5.818794726802629,7.748147237061817,-3.473208197815396
none,5.765440973830625,0,0,0,0,0,0,0.12168511122241331,8.68456359126766,8.834003946794736,-8.765669186552334,0,0,0,8.24111336997444,4.566202979136025,0,12.907639070738334,4.566202979136025,0,0,0,12.907639070738334,-8.120376745786903,0,-6.717447342925976,0,12.907639070738334,12.907639070738334,12.907639070738334,0,5.765440973830625,-6.887210300863532,-5.765440973830625,0,0,-0.05703368223547115
none,0,2.3538276048421847,0,0,2.7016136013636713,0,2.727664101048447,4.123073616486967,0.6264862673982238,1.43830026626156,6.917694078870691,0,5.036007988127163,0,-3.1906304813490936,4.123073616486967,0,5.7221779470665215,4.123073616486967,-1.7915368264574592,0,0,5.7221779470665215,-8.175508598858489,0,4.123073616486967,4.45432917198576,5.7221779470665215,5.7221779470665215,5.7221779470665215,0,0,0,4.7901838232639165,-7.166928274552853,0,0
none,5.066258971836909,0,0,0,-4.909689911145368,0,8.502930741692724,3.630449546189638,5.305218812594403,-2.642244961599879,8.181742135542441,0,11.295765201757543,0,5.305218812594403,3.630449546189638,0,5.305218812594403,3.630449546189638,0,0,0,5.305218812594403,-9.500448842437757,0,3.630449546189638,9.901821733677066,5.305218812594403,5.305218812594403,5.305218812594403,0,5.066258971836909,0,0.22266034280033795,0,0,-5.066258971836909
FA,0,0.9634094073869885,0,0,-1.2966121612650718,0,1.8470179968116784,2.864135077268552,-2.1972245773362196,3.1129353621761253,-3.1129353621761258,0,-7.744751768572075,0,-7.228554674978242,2.864135077268552,0,3.1129353621761253,2.864135077268552,-7.744751768572075,0,0,3.1129353621761253,-4.848763404414002,0,2.864135077268552,-7.744751768572075,3.1129353621761253,3.1129353621761253,3.1129353621761253,0,-6.515746712349443,-11.775036397984582,8.746497024824903,-7.744751768572075,0,0
FA,8.304246603206039,5.033561367161473,8.324176289184651,0.31174273429001625,5.033561367161473,-8.324176289184651,-5.033561367161473,0,-4.340414186601528,0,0,8.324176289184651,7.276315623387912,8.324176289184651,-4.933050185565085,0,-8.324176289184651,0,0,1.775058277504644,8.324176289184651,8.324176289184651,0,-2.610256038080868,-7.134336226777702,0,-5.033561367161473,0,0,0,8.324176289184651,1.566505487100779,-9.355879464191904,-3.0311763306440906,-5.033561367161473,8.324176289184651,-8.304246603206039
none,6.753757469407534,0,0,0,-6.499053506873669,0,0,0,6.740422431709499,-0.16549515597933245,-2.978811396065654,0,12.00590981535624,0,-1.7555406924713615,0,0,0.31062044154058033,-7.101218564703503,5.765868479977328,0,0,-2.540562333948986,3.4062654027745585,0,-9.047672395174907,10.336509012757903,6.740422431709499,6.740422431709499,6.740422431709499,0,6.753757469407534,-9.209138806888632,-0.056577479046742485,8.113115036849678,0,-6.753757469407534
FA,7.609898082196434,-6.660726686090552,5.822206158660663,5.822206158660663,-6.814334966926323,-5.822206158660663,0,0,12.7796587976353,12.7796587976353,-12.7796587976353,5.822206158660663,0,-1.1293810866652092,12.7796587976353,0,-5.822206158660663,12.7796587976353,0,4.764381879228433,5.822206158660663,5.822206158660663,1.3053699666148824,-3.7831108545375582,-5.312512717296959,-11.10963179981091,0,12.7796587976353,12.7796587976353,12.7796587976353,5.822206158660663,5.161237773867417,-9.207618320956165,-1.6153797005628516,0,5.822206158660663,-0.9757238245070228
none,0,0,0,-6.787626817610183,0,0,8.68056541077909,0,0,-7.656432565294233,0,0,11.739184346754408,0,0,0,0,0,0,0,0,-8.907429816124395,0,12.739039514899568,0,0,10.281918311687752,0,0,0,0,0,1.7747503967386409,0,8.82317487522412,0,0
FA,6.361629819062894,7.052526717388103,5.3771308371622055,-1.258855904328749,-0.030890487019338445,-5.3771308371622055,-0.3817192483791406,0,6.861708591040921,0.2792689440100376,-2.9980575033333805,3.690663575907438,-7.052526717388103,5.3771308371622055,2.488852625465123,0,-5.3771308371622055,6.861708591040921,0,-7.052526717388103,5.3771308371622055,5.3771308371622055,0.9010584501887055,0.14402250269209052,0,-4.216472462330283,-7.052526717388103,6.861708591040921,-3.454224504826976,6.861708591040921,5.3771308371622055,6.361629819062894,-5.475919000008978,0.3770944109789489,-7.052526717388103,1.190985608799125,-1.1873507033092001
none,0,0,6.048726051276828,6.048726051276828,0,-6.048726051276828,8.108749507099562,0,6.533576188639558,0.8775762196934647,4.4863273784454885,6.048726051276828,10.329065377811753,6.048726051276828,6.533576188639558,0,-6.048726051276828,6.533576188639558,0,0,6.048726051276828,-2.4581999019261933,1.4858239564669238,-3.0416496980287397,7.345675312060869,0,0,6.533576188639558,-2.7469334754130794,6.533576188639558,6.048726051276828,0,-1.5383527711180884,0,6.643138391151084,6.048726051276828,4.544648654500554
none,0,0,0,-4.63621283014006,0,0,9.885786964502845,-5.828500528384559,1.036015668579017,1.5421243024668687,5.0577702060615835,0,8.694008447623135,0,1.6302057705163433,0,0,5.431742117603571,0,0,0,0,0.05164658886216697,-0.8195077202849929,0,0,0,5.431742117603571,5.431742117603571,5.431742117603571,0,0,-4.440794734426261,0,0,0,0
none,5.619362467409732,0,0,0,0,0,8.244110036037945,0,6.122764732218311,-0.7485262344998165,5.140979456030214,-5.629046835176238,0,0,6.122764732218311,0,0,6.122764732218311,0,0,0,-7.803614548703726,-4.373659373633623,-5.195518771297607,0,0,0,6.122764732218311,6.122764732218311,6.122764732218311,0,5.619362467409732,-2.677724539007663,-5.619362467409732,0,0,-2.7392842087533404
FA,5.630791221767638,2.041041733560893,9.722861518187173,9.722861518187173,2.041041733560893,-9.722861518187173,6.151242222800372,0,10.171023450976747,10.171023450976747,-5.6471605741188755,9.722861518187173,1.5475625087160128,9.722861518187173,10.171023450976747,0,-9.722861518187173,10.171023450976747,0,-2.041041733560893,9.722861518187173,9.722861518187173,5.402128889017464,2.5996668539875643,0,0,-2.041041733560893,10.171023450976747,10.171023450976747,10.171023450976747,9.722861518187173,5.630791221767638,-10.988176362125463,-5.630791221767638,-2.041041733560893,9.722861518187173,-5.630791221767638
none,8.89204675753571,-7.2831272676275685,0,0,0,6.939044327445236,9.8698954266359,2.9197324343062343,5.30966799407929,0.9964000373966055,-5.30966799407929,0,0,0,5.30966799407929,2.9197324343062343,0,-2.225933007855453,2.9197324343062343,0,-4.774393911896403,0,5.30966799407929,-5.198867532625762,-8.306252328607187,2.9197324343062343,0,5.30966799407929,5.30966799407929,5.30966799407929,-8.665972774018893,8.89204675753571,-10.949477702404469,-4.334221155034998,0,-4.546461843850396,-2.413980689776143
none,3.2168996245429624,-4.249460071471937,4.844592532962102,8.674382712027557,0,-8.674382712027557,8.366189725155815,4.092484531009124,-0.38984830261831,5.614010571120344,-5.614010571120344,8.674382712027557,0,6.784085547696781,5.614010571120344,4.092484531009124,-8.674382712027557,-0.5290371608299284,4.092484531009124,0,8.674382712027557,8.674382712027557,-7.645229137909485,-2.5868097027669212,0,4.092484531009124,0,5.614010571120344,5.614010571120344,5.614010571120344,8.674382712027557,7.046689803608417,-10.932418458513053,-7.046689803608417,0,6.201286424305701,-3.0032429921605086
FA,6.06654600632735,0,5.790965161154538,5.790965161154538,0,-5.790965161154538,7.243786042446886,0,1.1447033958683765,5.326230644588814,-5.326230644588814,3.621985219283906,3.6899080289987616,5.790965161154538,3.4255146893128616,0,-5.790965161154538,5.326230644588814,0,0,5.790965161154538,5.790965161154538,-4.276339350028391,-1.8296756916746775,10.207776736027533,0,0,5.326230644588814,5.326230644588814,5.326230644588814,5.790965161154538,6.06654600632735,-8.940659417488336,-1.8632449580573522,7.834795818602982,5.790965161154538,-2.353765315662597
FA,7.140032369340121,6.657898013784405,5.381283186131601,5.381283186131601,6.657898013784405,-5.3812831861316015,1.2188981781467745,0,-0.10256117549157634,4.333941900028796,-4.333941900028796,5.381283186131601,-6.657898013784405,-0.8536466849631809,4.333941900028796,0,-5.3812831861316015,4.333941900028796,0,-6.657898013784405,5.381283186131601,5.381283186131601,4.333941900028796,1.5010027754536968,-8.791063041309197,0,-6.657898013784405,4.333941900028796,4.333941900028796,-5.130868147805654,5.381283186131601,7.140032369340121,-9.41424074281786,-7.140032369340121,-6.657898013784405,5.381283186131601,-6.040331513243582
none,8.091008786817248,-4.299231305943569,7.859547699785094,1.26070870188312,0,-7.859547699785094,6.35560475937313,10.237597944128519,8.229840755437364,8.228570913996887,-12.590650123600119,2.6478166223699175,8.275142283110068,1.416758717514031,3.9709441772436014,10.237597944128519,-1.2044467470902085,6.29103510843874,10.237597944128519,0,7.859547699785094,7.859547699785094,3.721147884983595,-1.4616770307056128,3.5417070007767375,10.237597944128519,9.396936533873527,2.3052758374344675,12.59065012360012,12.59065012360012,7.859547699785094,8.091008786817248,-5.487404271924742,-8.091008786817248,0,0.7640243418620472,-2.553403249830411
FA,7.226986209285447,-0.20141958656230532,0,0,5.7115977819663835,0,-2.2516088060588246,6.352199737916422,9.995942567696694,9.995942567696694,-9.995942567696694,0,4.613396164577121,0,6.685096749885773,6.352199737916422,0,9.995942567696694,6.352199737916422,-5.711597781966383,0,0,2.9863015843644143,4.096154143151753,0,2.728638170939986,-5.711597781966383,9.995942567696694,9.995942567696694,9.995942567696694,0,7.226986209285447,-7.084008572120233,-7.226986209285447,-5.711597781966383,0,-2.3408451979667615
none,0,-5.803489128499226,0,0,0,0,9.616682537645621,0,0,0,0,0,0,-6.645998405690127,0,0,0,0,0,0,0,0,0,3.6882952580584534,-6.368366669091848,0,0,0,0,0,0,0,0,0,0,0,0
none,0,-5.970936315400964,0,0,0,0,0,-8.721439161976749,0,0,0,-3.048303695286578,0,-5.554387076965365,-5.1540359321981315,0,0,0,0,0,0,0,0,2.7956396943006863,-6.811535041842296,0,0,0,0,0,0,0,0,0,0,0,0
none,0,-5.203952744503212,7.595314904221878,7.595314904221878,0,-7.595314904221878,8.72138196037511,3.770896617475282,5.361240871093803,5.361240871093803,-5.361240871093803,7.595314904221878,0,1.8281271133989296,1.1469928981622914,3.770896617475282,-7.595314904221878,5.361240871093803,3.770896617475282,0,7.595314904221878,7.595314904221878,5.361240871093803,5.738604307588972,-5.530627728554984,3.770896617475282,0,5.361240871093803,5.361240871093803,5.361240871093803,7.595314904221878,0,-8.277147280931787,0,0,7.595314904221878,0
none,8.556383914848066,0,0,0,0,0,0,0,0,-7.825301702946593,0,0,9.105875176133804,0,0,0,0,0,0,0,0,0,0,-0.1454148497286319,0,0,0,0,0,0,0,8.556383914848066,-11.521015528251828,-8.556383914848066,6.063930059424682,-6.520412941874571,-3.1703064898118054
none,5.200490125319537,0,4.905009360381937,4.905009360381937,0,-4.905009360381937,9.467160597013088,0,4.776852416631727,-0.5108256237659904,-4.776852416631727,4.905009360381937,11.37252902932126,4.905009360381937,4.776852416631727,0,-4.905009360381937,4.776852416631727,0,0,4.905009360381937,4.905009360381937,4.776852416631727,3.1433160828225546,0,0,0,-0.83473663451423,4.776852416631727,4.776852416631727,4.905009360381937,5.200490125319537,-7.527716155323238,0.9679017723852286,0,4.905009360381937,-5.200490125319537
none,5.92765082735632,0,0,0,0,0,0,4.939777330368308,1.6238407386161107,1.6238407386161107,-1.6238407386161104,0,0,0,1.6238407386161107,7.926044948697666,0,1.6238407386161107,7.926044948697666,0,0,0,1.6238407386161107,-9.146547054974812,0,7.926044948697666,0,1.6238407386161107,1.6238407386161107,1.6238407386161107,0,5.92765082735632,-10.527202094285661,-0.9120914510325981,0,0,-0.639764766664012
FA,7.231224849429937,-3.6631269580115218,7.887871365994945,7.887871365994945,2.8463069183587537,-7.887871365994945,-2.8463069183587537,12.113044177626744,11.698467582845936,7.3190060568027135,-11.698467582845936,7.887871365994945,-2.8463069183587537,-0.8865209812963482,11.698467582845936,12.113044177626744,1.0771174620781043,11.698467582845936,12.113044177626744,-2.8463069183587537,7.887871365994945,7.887871365994945,11.698467582845936,-9.200578698371904,0,12.113044177626744,-2.8463069183587537,11.698467582845936,11.698467582845936,11.698467582845936,7.887871365994945,2.1274011234788444,-7.499944375391095,-7.231224849429937,4.869358079982728,7.887871365994945,-2.3569183716090736
FA,0,2.358965426430153,0,0,6.494430747555211,0,-6.494430747555211,0,-2.9695090784548883,3.892903683953747,-3.892903683953747,-5.092750340368511,-6.494430747555211,0,3.892903683953747,0,0,3.892903683953747,0,-6.494430747555211,0,0,3.892903683953747,4.457197089752117,0,0,4.000044002965696,3.892903683953747,3.892903683953747,3.892903683953747,0,-5.165634037962984,-11.272062347361201,5.534751840538601,-6.494430747555211,-7.237150242684217,0
FA,6.843997319452763,1.057823600281182,0,0,5.4508571687097636,0,-5.4508571687097636,0,-2.2958137528708726,3.453697547436542,-3.453697547436542,0,4.779064017095216,-4.142232882773924,-0.9688715406175481,0,6.208490829086459,3.453697547436542,0,-5.4508571687097636,-7.0332892205359485,0,3.453697547436542,-5.600827721488423,-1.277718078714059,0,3.261804508003178,-6.036442311619617,3.453697547436542,3.453697547436542,-8.3648401028804,-0.5414055599560799,-10.92304212582136,0.9379280102812071,-5.4508571687097636,-8.870874398010667,0.1269977940648784
FA,7.598855732195063,0.7344997942287061,6.771447285246349,0.8356833279665106,1.3955967537822043,-6.771447285246349,-5.12252160130513,7.889015398277415,-4.687992360253054,0,0,6.771447285246349,6.215437615388953,6.771447285246349,0,7.889015398277415,-0.216545429181532,-7.547355054181627,7.889015398277415,-0.7676113414974863,6.771447285246349,6.771447285246349,-10.170740318071124,-4.453946253537084,-3.0522967147302182,7.889015398277415,3.325402327165996,-12.48100890441403,-8.723995029858862,0,6.771447285246349,1.2278793712122544,-8.583071917810633,-0.8756146694957131,-2.6672282065819553,2.388262246970539,0.3060444766223754
none,0,4.950437746985621,0,0,4.950437746985621,1.2071815219936133,0.5722691793764538,0,-5.028764820526138,0,2.571170125599205,0,-3.5807372954942327,0,0,0,0,0,0,-4.950437746985621,0,0,0,-7.452221641194217,-2.1581578118556584,0,-4.950437746985621,-2.8341125918752303,0,0,0,-4.595551890096014,-11.457394242026917,5.54754328251418,-4.950437746985621,0,0
none,0.8444877933956502,-4.495545844618744,-7.051269185476393,0,0,0,0,0,-3.7991073829747255,-5.797910801661261,0,-5.724718706294555,0,0,0,0,0,0,0,0,0,0,0,-5.771946941472453,-2.283980150011866,0,8.286186793651751,-7.941160065944048,0,0,-5.865552751137294,7.895756978872043,-10.590607853570496,-7.895756978872043,0,0,-7.895756978872043
FA,6.038622590791067,2.1506839136626312,7.245234835874538,9.198580440353004,7.439165149125159,-9.198580440353004,-7.439165149125159,0,0,-8.870481405998145,3.1182072786877755,9.198580440353004,-7.439165149125159,9.198580440353004,0,0,-9.198580440353004,0,0,-7.439165149125159,0.9656345521126554,9.198580440353004,0,-10.76509384761208,0,0,-7.439165149125159,-3.918636205083441,0,0,9.198580440353004,7.991968195269532,-12.683551027372124,-3.277226408983564,-7.439165149125159,3.929306887250278,-7.991968195269532
FA,-1.3645088935809164,2.9580274137960516,-1.3645088935809164,0,0.762790080294695,0,-3.4055761188266445,0,-6.7567465856442235,-4.821526345340762,0,0,-8.197780061301817,0,0,0,0,0,0,-8.197780061301817,-6.330843928780592,0,0,-3.0619926570236533,0,-9.71063034439245,-8.197780061301817,0,0,0,0,-7.124286554349615,-11.86862163958161,8.825909793511972,0.02327853232481799,-6.919619479546989,0
none,0,0,0,0,0,0,0,0,4.7155604899443775,4.7155604899443775,-4.715560489944378,0,0,0,-0.340869458803535,0,0,4.7155604899443775,0,0,0,0,4.7155604899443775,-6.849128659828375,0,0,0,4.7155604899443775,4.7155604899443775,4.7155604899443775,0,0,-11.608088161534042,0,0,0,0
none,5.984574691196136,-6.709716602794255,0,0,0,0,6.589763317169158,6.889061203121839,6.792410373462282,5.795464736168098,-12.713005188567243,0,7.5086301207143,0,3.3574540624436353,0.25986917889980427,0,12.713005188567243,-0.8944438658304958,0,0,-10.330090678596108,5.612943359211624,-1.5275978978627023,0,-3.4037881763834705,0,2.7095084094068986,1.822770088822415,12.713005188567243,0,5.984574691196136,0.3515583935541219,-5.984574691196136,0,0,-5.984574691196136
none,4.459621754999947,1.1761168938108784,0,0,2.5462202795790434,0,-0.1376385096842871,3.0152390563596776,-0.8146302346682934,4.736808765866935,-4.736808765866935,0,4.274596347041691,0,-3.600669754632198,3.0152390563596776,0,4.736808765866935,3.0152390563596776,-7.627655650868536,0,-10.229000317783395,4.736808765866935,3.3037549059856417,-8.219035405317172,-0.21834737905071683,-7.627655650868536,4.736808765866935,4.736808765866935,4.736808765866935,0,4.459621754999947,0.8192348105705909,3.9239604985316525,-0.663107023433452,0,-4.459621754999947
FA,7.575605297802541,0,5.962687717720669,5.962687717720669,0,-5.962687717720669,5.86763009505874,0,12.670903792994487,12.670903792994487,-12.670903792994487,5.962687717720669,10.599486772919391,5.962687717720669,12.670903792994487,-11.799084371528506,-5.962687717720669,12.670903792994487,0,0,5.962687717720669,5.962687717720669,12.670903792994487,4.352238938382193,8.08785962259935,0,9.74800188845979,3.838716810368752,12.670903792994487,12.670903792994487,5.962687717720669,7.575605297802541,-6.379288705128623,-7.575605297802541,0,5.962687717720669,-7.575605297802541
FA,5.558908093477695,0,6.807765425509967,6.807765425509967,0,-6.807765425509967,7.083504437303501,8.539594109369226,11.915251304928182,11.915251304928182,-11.915251304928182,6.807765425509967,9.560836514212335,6.807765425509967,11.915251304928182,-2.6112484859045835,-6.807765425509967,11.915251304928182,8.539594109369226,0,6.807765425509967,6.807765425509967,11.915251304928182,-1.727839051260671,8.432985076163613,8.539594109369226,9.795475122858091,5.479462001113266,11.915251304928182,11.915251304928182,6.807765425509967,5.558908093477695,-6.894336021428415,-5.558908093477695,5.883244194499296,6.807765425509967,-5.558908093477695
FA,9.398019540395072,0.8012843739240249,6.488179632810411,6.488179632810411,6.093767661877973,-6.488179632810411,3.8381481063438865,0,1.8117395997205321,-3.22658794535454,-1.8117395997205321,6.488179632810411,-0.527980244975431,6.488179632810411,-6.866395505476079,0,-6.488179632810411,-5.317803688290417,0,-6.093767661877973,6.488179632810411,6.488179632810411,1.8117395997205321,-0.8218522650409097,-5.098251869082548,0,-6.093767661877973,-5.238670089555163,1.8117395997205321,1.8117395997205321,-0.34510329344910573,9.398019540395072,0,-9.398019540395072,-6.093767661877973,6.488179632810411,-0.5090949890633928
FA,0,0,0,0,0,0,0,-4.996850432381188,9.15838275770446,13.011580175993236,-13.011580175993236,-5.065065799617491,0,0,13.011580175993236,0,0,13.011580175993236,0,0,0,0,13.011580175993236,-8.210371425725082,0,0,0,13.011580175993236,13.011580175993236,13.011580175993236,0,0,-11.860276115140525,0,0,0,0
none,6.385149932913565,0,0,0,0,0,0,8.843103430961916,10.214200154388971,4.013742024683197,-0.6457402434990557,0,9.472226515581003,0,10.214200154388971,8.843103430961916,0,10.214200154388971,1.1442838823564818,0,0,-5.620249466675739,2.364723379290838,0.7244805212120087,5.433458004408935,-0.14498239002203692,5.2332538574296334,5.621620786538339,10.214200154388971,10.214200154388971,0,6.385149932913565,-0.18840060287033694,-6.385149932913565,0,0,-3.5340109241012825
none,7.689703177372798,0,0,0,0,0,0,10.942801069280636,7.825949623835365,7.825949623835365,0.08466082826928852,0,11.353316996961818,0,7.825949623835365,6.800339626638102,0,7.825949623835365,5.037783188304174,0,0,0,-2.240927107863418,-4.231273460530601,-0.9877979223278196,-0.44656651398733394,3.8490065911050118,2.2515483125829805,7.825949623835365,7.825949623835365,0,7.689703177372798,-7.097584284117287,-7.689703177372798,4.089265985005186,0,-0.1406689780707256
FA,0,-0.34730821111146926,0,0,7.080595239106162,0,-0.5246510441719142,5.20605685891699,-5.412366259408228,-8.349746143845152,0,0,-7.080595239106162,0,0,5.20605685891699,0,0,5.20605685891699,-7.080595239106162,-7.259239570101755,0,0,-9.75798439940366,-8.044727965744997,5.20605685891699,-7.080595239106162,0,0,0,-7.703816929785608,0,-10.94723857123745,6.91999367190607,-7.080595239106162,0,0
none,6.392697570033196,-7.1188385024495355,4.447489668197753,4.447489668197753,0,0.698049151160152,6.049529273150409,-8.542755182134984,-1.0503200085019921,3.9641294218869425,-3.964129421886942,-2.5059771213573323,8.72524719250632,4.447489668197753,3.9641294218869425,0,-4.447489668197753,-2.0816800701609344,0,0,4.447489668197753,-6.825071802533733,-3.7840990829153465,5.403764085386814,-3.983853927234721,-8.110263503298267,6.993261793388458,0.27056513051108344,3.9641294218869425,3.9641294218869425,4.447489668197753,6.392697570033196,4.09378827405049,-6.392697570033196,0,4.447489668197753,-3.6037431509187363
none,6.598031220094239,0,0,-9.276897726764625,0,0,7.298709530540638,0,7.6523560206598145,1.0581500672605049,-7.6523560206598145,0,12.423407645568286,0,7.6523560206598145,0,0,7.6523560206598145,0,6.847222306968061,0,0,-0.39771954976715673,4.305629062160836,0,0,0,7.6523560206598145,7.6523560206598145,0.41401536593735244,0,6.598031220094239,-8.847440400179371,-0.3068007553162086,0,0,-0.4089838144082958
FA,7.284453403777244,0,0,0,0,0,3.105765051982216,0,5.371471514590896,5.371471514590896,-5.371471514590896,0,10.974934413936229,0,5.371471514590896,0,0,5.371471514590896,-9.28154270591399,0,0,0,-6.802049841989296,11.038246329359962,0,-8.621502726736876,11.298519178959122,5.371471514590896,5.371471514590896,5.371471514590896,0,7.284453403777244,-9.849336730666602,-7.284453403777244,7.277296789838227,0,-1.7594703095278363
FA,5.895100772900574,0,0,0,0,0,0,0,5.274354464442068,-1.060890944482592,-5.274354464442068,0,10.918633870567088,0,5.274354464442068,-8.89324456992982,0,5.274354464442068,-7.3569376602289935,0,0,0,-6.50281372579912,4.405145074158612,0,-9.365815637097995,9.855749681828737,5.274354464442068,-4.992863968547944,5.274354464442068,0,5.895100772900574,-6.738144439155663,-5.895100772900574,9.172560839360504,0,-5.895100772900574
FA,8.192532442642216,-4.437424878234672,0,0,0,0,8.541248184411316,12.129171308078902,4.38103011468002,4.38103011468002,-4.38103011468002,0,0,0,0.6615893401522329,12.129171308078902,0,4.38103011468002,12.129171308078902,0,0,0,-2.2390842012717576,-11.768786590193585,-3.6985132544218313,12.129171308078902,0,2.5333915170538246,4.38103011468002,4.38103011468002,0,8.192532442642216,-7.411126937035679,-8.192532442642216,4.9147966781139685,-8.703189235896756,-2.0811311308358738
FA,6.231802289945767,0,7.508897359100666,7.508897359100666,0,-7.508897359100666,0,3.991846038264313,12.91564162593456,12.91564162593456,-12.91564162593456,7.508897359100666,5.371035573760459,7.508897359100666,12.91564162593456,0.470357674213144,1.0733555545418925,12.91564162593456,-0.5111795434299221,0,7.508897359100666,7.508897359100666,12.91564162593456,-1.8269607431789734,-4.584537077881522,0.7020361279771913,0,12.91564162593456,12.91564162593456,12.91564162593456,7.508897359100666,6.231802289945767,-8.272927175489485,-6.231802289945767,0,3.6738603983302207,-3.5863493960491586
none,-11.195173289804302,0,-11.195173289804302,0,0,0,11.653190849710585,0,5.060515429523089,5.060515429523089,-5.060515429523089,0,0,0,5.060515429523089,0,0,5.060515429523089,0,0,0,0,5.060515429523089,2.2339235286206733,-1.7517668282998624,0,0,5.060515429523089,5.060515429523089,5.060515429523089,0,0,-7.181881628894409,0,0,0,0
none,0,0,0,0,0,0,9.729548422417366,0,0,0,0,0,0,0,0,0,0,0,0,0,0,0,0,2.5323448246694427,0,0,0,0,0,0,0,0,-5.949794898828056,0,0,0,0
none,-2.2676580093547596,-4.7074051982031095,-3.8593077929530493,-3.3517389501747155,0,0.05623971832287611,6.46269003591679,9.639863772522762,4.956213117893226,-1.043756468246956,-4.956213117893225,4.24396576595986,6.231311652679591,4.24396576595986,4.956213117893226,9.302191775709646,-1.5836037088793367,4.956213117893226,9.59067352833199,0,-2.757670839345205,4.24396576595986,4.956213117893226,8.225525113166386,-2.4100059422414293,4.773506485240196,0,4.956213117893226,4.956213117893226,2.811160997026021,4.24396576595986,5.835615549558151,-3.7832849352492497,-5.835615549558151,2.693368353548694,-3.339556403309966,-5.835615549558151
none,2.4629279800506225,-4.7733554076866485,-5.09948259158961,3.3326258400117403,0,-3.3326258400117403,0,6.225519667340615,0,0,0,3.3326258400117403,8.177170772242624,3.3326258400117403,0,6.225519667340615,-3.3326258400117403,-7.239460584485348,6.225519667340615,0,-8.79440896950899,3.3326258400117403,-5.675641242435842,0.7147159313871005,0,6.225519667340615,0,-7.275225528541546,0,0,3.3326258400117403,10.895036411651974,-5.415122151686534,-10.895036411651974,2.54416847964747,-8.263729201735465,-1.0155248358264526
none,5.0784594604727795,-5.639964471812537,0,0,0,0,0,0,0,0,0,0,0,0,0,0,0,0,0,0,-5.543108829349786,0,0,1.7057337528919367,0,0,0,0,0,0,0,5.0784594604727795,0,-5.0784594604727795,0,-10.294460678634692,-4.014579593753238
none,-4.4977432634375205,-6.193446800948991,-4.4977432634375205,0,0,0,6.262335459633306,3.805660478933362,0,0,0,0,5.793826244837111,0,0,1.6309441176550639,0,0,3.805660478933362,0,-4.137563019864509,0,-4.3922644115864315,-2.5530444549552183,0,-0.03758271114904266,0,-4.643184284723138,0,0,0,0,-3.987982035727316,0,0,-11.564867895265772,0
none,9.403508467772614,-4.186460925625469,0,-7.598512209984095,0,0,4.786240932173717,6.477635951881483,0,0,0,0,7.770699936119893,0,0,6.477635951881483,0,0,0.17415824615479364,0,-2.99803386455003,-11.410887295756037,-5.1069567421369495,8.389240688345323,-1.391834541495506,0.14987023652354312,5.504861602549085,-5.793302277042122,0,0,0,9.403508467772614,11.410887295756037,-9.403508467772614,3.9332924991309963,-5.017889141410762,-0.9064333511376508
FA,4.351333335570917,0,-6.533107582410476,0,0,0,0,4.232837305264882,0,0,0,0,2.3083718664884714,0,0,4.232837305264882,0,0,4.232837305264882,0,-10.068294319602924,0,0,4.5165374720028995,0,4.232837305264882,0,-8.863221608890507,0,0,0,10.884440917981394,-1.700584534879683,-10.884440917981394,0,0,-1.428159295267538
none,9.80570223796263,-5.668648313269052,6.260606461742695,6.260606461742695,0,-6.260606461742695,0,12.392489232517407,8.216317891294882,8.216317891294882,-8.216317891294882,6.260606461742695,8.386836182655717,6.260606461742695,2.7163128565077663,12.392489232517407,-6.260606461742695,8.216317891294882,12.392489232517407,0,6.260606461742695,-3.6649045034742977,8.216317891294882,8.817907241669053,-3.0798306067169374,12.392489232517407,3.82270964695738,2.649788237398566,8.216317891294882,8.216317891294882,6.260606461742695,9.80570223796263,5.603962139373991,-9.80570223796263,0,-2.0566032763697453,-4.409512635201825
none,-2.998391946451266,0,-2.998391946451266,-9.786502481912327,0,0,0,0,2.4144440578563127,2.4144440578563127,-2.4144440578563127,0,5.599656114904429,0,2.4144440578563127,0,0,2.4144440578563127,0,0,0,-9.201345859437982,-2.6222919571086485,5.284984452411238,-5.658853184729678,0,4.308542240313278,-4.640320957064205,2.4144440578563127,2.4144440578563127,0,0,6.459087627703571,0,0,-10.15054032055595,0
none,-9.569214272785677,0,-9.569214272785677,0,0,0,0,0,0,0,0,0,0,0,0,0,0,0,0,0,0,0,0,-2.873228288736614,-5.097705737550482,0,0,0,0,0,0,0,-8.780561827492035,0,0,0,0
none,-8.412044097469572,-5.526421907315856,-8.412044097469572,0,0,2.570572220040185,0,0,0,0,0,0,0,0,0,0,0,0,0,0,-7.624468636826727,0,0,-3.296994189485002,-7.195618744303739,-3.8540091957203675,0,0,0,0,0,0,-4.352256037279498,0,0,0,0
none,-11.246217733834298,0,-2.1100075101456537,-1.586192656521379,0,-9.136210223688645,0,10.575524990275513,0,-5.969551372358513,0,9.136210223688645,9.849471714923515,9.136210223688645,0,10.575524990275513,-9.136210223688645,0,10.575524990275513,0,0.26209603158288003,-2.914697746568447,0,0,0.28078842929918296,10.575524990275513,7.874836814279952,-8.305739742373751,0,0,9.136210223688645,0,12.050907970257091,0,6.2611126811480124,2.5058566917792633,0
none,-2.1412919894520988,-2.4014310819621505,-10.499596173752613,0,0,0,7.730323839721495,11.181892158761528,7.3008332712657555,7.3008332712657555,-7.3008332712657555,0,7.152061231440038,0,7.3008332712657555,11.181892158761528,0,7.3008332712657555,0.44426460587468053,0,-5.6733510485421865,-11.378409202429792,7.3008332712657555,3.318658601841421,2.2740299885599646,3.7521418002672275,0,7.3008332712657555,7.3008332712657555,7.3008332712657555,0,8.358304184300513,6.165855734225617,-8.358304184300513,0,-5.798492939995305,-2.633208353711294
none,-4.428884756951565,-5.33578635172045,-11.281771377460732,0,0,0,5.403057311460382,0,0,0,0,0,0,0,0,0,0,0,0,0,-7.2595976248976966,0,0,-3.5793924367458607,-6.21183096009516,0,0,0,0,0,0,6.852886620509167,0,-6.852886620509167,0,0,-1.362028354442138
none,5.5702176645978,-4.519058597181386,-2.3904092676050213,-6.883372945427296,0,0,0,11.356751987313457,-0.6931471805599453,3.29611789014864,-3.29611789014864,0,0,0,-2.6516424441222317,11.356751987313457,0,3.29611789014864,11.356751987313457,0,-8.821415410461718,0,3.29611789014864,-5.093770128343845,-2.9374145479485145,11.356751987313457,0,3.29611789014864,3.29611789014864,3.29611789014864,0,7.960626932202821,-5.222590087047048,-7.960626932202821,0,0,-1.6748233812675624
none,-4.012563954596774,0,-12.18771208377263,-2.323635542495319,0,0,0,0,0,0,0,0,0,0,0,0,0,0,0,0,-10.273397484666445,0,0,-7.545827518653864,-3.7248185161089595,0,0,0,0,0,0,8.175148129175856,-4.944674366607899,-8.175148129175856,0,0,-1.4932664806720584
FA,3.7960346657528587,0,0,0,0,0,3.554280834581981,13.222066859031349,2.3900244414685505,-0.0847965366600768,-2.3900244414685505,0,0,0,2.3900244414685505,13.222066859031349,0,1.0138157520080329,13.222066859031349,0,0,-9.201307804144854,2.3900244414685505,6.949474965705118,0,13.222066859031349,0,0.8987464222232456,2.3900244414685505,2.3900244414685505,-8.357826265821497,3.7960346657528587,8.17137535140217,-3.7960346657528587,0,0,1.5200968666646044
FA,0,-4.18170881251897,8.286583910240894,1.2399034058685816,0,-8.286583910240894,7.827275201717835,-5.538645742616347,8.575898706730417,8.575898706730417,-1.69581009814092,8.286583910240894,9.318911234957728,8.286583910240894,8.575898706730417,1.283431875115692,-0.6730916574783938,5.326353975241893,-6.543774802944323,0,3.3047938370567227,0.4833026478791281,-0.019546478044301728,0.2834191746608587,-3.685646809058579,-10.307513530354786,6.481928906381518,8.575898706730417,-0.3879287340481747,5.524804913965731,8.286583910240894,0,0.9495076063798139,0,0,-0.9403602500307783,5.880473878653241
FA,8.8917499737211,-4.495890368988464,0,0,0,0,5.272968934973768,10.804734527600118,0,-3.89528675030322,0,0,4.674345318741772,0,0,10.804734527600118,0,0,10.804734527600118,0,-3.684598292807991,-12.687798298512273,-5.856532902191103,7.5009853324703055,0,10.804734527600118,0,-6.449010354610527,0,-5.479609797422423,-11.707235610386235,8.8917499737211,12.687798298512273,-8.8917499737211,4.76568548892072,0,0.21019297041737275
none,8.35977974155166,0,0,0,0,0,9.032847336289668,0,5.4861184698373755,5.4861184698373755,-5.4861184698373755,-3.7203023951013443,0,0,1.0367368849500223,0,0,5.4861184698373755,0,0,-10.132064591713075,-10.996136612875581,5.4861184698373755,-2.9096819730439116,-4.39746890367294,0,0,5.4861184698373755,5.4861184698373755,5.4861184698373755,-11.321630373853383,8.35977974155166,6.402400069118125,-8.35977974155166,0,-11.687101416753755,-8.35977974155166
none,3.8412444094787426,-2.542908933128917,-7.319691912156851,0,0,0,4.749281183401923,2.2676803217484225,0,-6.445716675820983,0,0,5.937820938976111,0,0,-0.9758664636695974,0,-6.045549392864094,2.2676803217484225,0,0,0,0,2.4449013151743006,-2.6292935473277375,2.2676803217484225,3.8947830703623283,0,0,0,0,11.160936321635594,-2.2272707834105456,-11.160936321635594,0,0,-0.6786407541688971
none,8.063191045593195,-3.8248274809914062,0,-6.23179139708483,0,0,7.481567561793708,0,0,0,0,0,0,0,0,0,0,0,0,0,0,0,0,0,0,-2.5434760118022446,0,0,0,0,0,8.063191045593195,0,-8.063191045593195,0,0,-2.5658234438708925
FA,9.321427421762195,0,0,-6.538787576515569,0,3.6254848775554875,0,8.351366225005314,4.013618529312012,4.013618529312012,-4.013618529312012,0,7.021168806243534,0,4.013618529312012,8.351366225005314,0,4.013618529312012,8.351366225005314,0,0,-9.387398469607142,0.09531017980432493,-2.114210339798727,2.3628916992250373,-0.24335905036315417,6.121710388175768,-3.8882102504048017,4.013618529312012,-2.646025998931352,-1.9685446311363837,9.321427421762195,5.528513540570255,-9.321427421762195,2.620306595533475,-9.877011278523126,-9.321427421762195
none,2.7442053548518595,-4.201958679953895,0,0,0,0,0,3.8407579105569587,8.933761516875352,8.933761516875352,-8.933761516875352,0,5.531348144791286,0,8.933761516875352,3.8407579105569587,0,8.933761516875352,3.8407579105569587,0,0,0,2.3937895803391176,2.524143470075058,-4.074973955555687,3.8407579105569587,0,3.7015678456980847,8.933761516875352,8.933761516875352,0,2.7442053548518595,-2.5982514422287797,-2.7442053548518595,0,0,-2.7442053548518595
none,1.5740127533170187,-2.726865175088603,-0.09039145343077705,0.8042168506362077,0,-4.355939299910563,0,-7.1381668748688165,0,0,0,7.0564871666817925,0,4.630376145612323,0,0,-7.0564871666817925,-6.419309695367035,0,0,-1.3952355370482388,7.0564871666817925,0,0,0,0,0,0,0,0,3.3577614085642242,8.72089137342959,0,-8.72089137342959,0,-0.5771908050278793,-4.163004391784322
none,8.923197100458495,0,0,0,0,0,0,0,0,0,0,0,7.4914915698497895,0,0,0,0,0,0,0,-9.46408749169743,0,0,0,0,0,0,0,0,0,0,8.923197100458495,0,-8.923197100458495,0,0,-3.3221674879440473
none,0,0,0,-6.388076097528946,-6.492261179610355,0,0,6.139066541928969,4.882529192773312,4.882529192773312,-4.882529192773312,0,11.069236965861707,0,4.882529192773312,6.139066541928969,0,4.882529192773312,-3.5565194136983114,0,0,-9.057346234557173,-2.9159407598188114,7.511077209968327,1.3547200155212955,6.139066541928969,0,-6.360266942099137,4.882529192773312,-3.1650716408960062,0,0,0.32642316719244907,6.03412452387089,6.06682436199122,0,0
none,7.656729519325465,-5.848787276934354,0,0,0,0,5.22492954975721,0,-2.8259958552663575,0,0,0,6.326305702682577,0,0,0,0,0,0,0,-5.919114074808518,-12.053205705519261,0,7.907258240340739,-6.806798376089329,0,0,-7.65238774700596,0,0,0,7.656729519325465,12.053205705519261,-7.656729519325466,0,-7.687932248213601,-4.029372898858929
none,8.792653990226867,-2.1802915951607997,0,0,0,0,8.229845583920458,0,6.151608413998907,6.151608413998907,-6.151608413998907,0,7.003898621080807,0,6.151608413998907,0,0,6.151608413998907,0,0,-10.488485299927838,0,0.6160875002647497,5.850796749259399,-0.9339382486877331,-7.057147018559444,0,-1.7327554688906917,6.151608413998907,-2.327892144927865,-7.488666906229044,8.792653990226867,0,-8.792653990226867,0,0,-0.4778332368578611
none,9.13186863473087,-7.155300369376251,0,-8.294124261158498,0,0,10.515146968487446,0,-2.7295303795676675,3.0437499406215975,-3.0437499406215975,0,6.512634550760142,0,-3.8314296874809943,0,0,3.0437499406215975,0,0,0,0,3.0437499406215975,0.5474225243283914,-6.921048531397607,0,0,3.0437499406215975,3.0437499406215975,3.0437499406215975,0,9.13186863473087,-7.714175134128846,-9.13186863473087,0,-7.111913780508942,-1.2855274573480888
none,-1.1817882860376563,-6.746714589845182,-10.469985812415892,0,0,0,0,3.5497129023256564,0.21275770128208707,4.960313722759814,-4.960313722759815,0,6.3021986904201,-3.2101812930438363,4.960313722759814,7.1977337001366735,0,-0.7090528238156659,7.1977337001366735,0,-10.100580819932151,-12.645969512193831,-1.053357998658066,9.022452432803039,0,4.2182350355802125,0,4.960313722759814,4.960313722759814,4.960313722759814,-12.234344099680627,9.288197526378235,12.645969512193831,-9.288197526378235,0,0,-1.2232068412092856
none,5.273080724100904,-3.9339153796662685,6.359412360551328,4.203900777010455,0,-5.941578178370703,5.979305866767296,11.087383040656597,-4.65555451602052,0,0,11.850965181705119,5.136152574647059,7.770358750669531,0,11.087383040656597,-11.850965181705119,0,11.087383040656597,5.155080584532578,4.10611471444218,2.2704121404990385,0,9.304392082777449,-4.129317359041593,11.087383040656597,0,0,0,0,11.850965181705119,10.764633545254695,7.708886802679275,-10.764633545254695,0,11.850965181705119,-1.1736893944504858
FA,9.883591328414482,-3.4120278381392932,0,-5.611574218236671,0,0,7.339990081898162,11.716986378477314,0,0,0,0,5.313323194435656,0,0,11.716986378477314,0,0,11.716986378477314,0,-7.596088159980394,-8.759015815984363,0,3.468953774935303,-5.450908857388218,11.716986378477314,5.053580490673116,0,0,0,0,8.259147588092763,8.759015815984363,-9.883591328414482,0,-8.76491659305234,-2.7946803917506364
FA,-3.665995821890451,-5.271812227060348,-11.496743828301712,-9.361595545075156,0,0,5.400684284624044,8.79775313771519,0,0,0,0,7.067638809164662,-4.777991811459281,0,8.79775313771519,0,0,8.79775313771519,0,-2.972786761521875,-11.159118343211297,0,6.334610890816888,-0.7716726190264543,8.79775313771519,6.585623534403997,-8.304008566888509,0,-1.7149347235190364,0,7.830748006411262,6.196442714427889,-7.830748006411262,1.4737726667021478,0,-2.591029631138946
none,0,0,0,-9.331497643894428,0,0,0,3.948688899812981,0,0,0,0,0,0,0,3.948688899812981,0,0,3.948688899812981,0,-5.1302981080520595,0,0,8.867222962482472,-6.4122147545760315,3.948688899812981,0,0,0,0,0,0,0,0,0,-10.060701886091126,0
none,0,-7.107100380279925,0,0,-2.9153778983827423,0,6.042761382826277,0,-3.9324284148287867,-5.051901955454613,0,0,6.791802039139327,0,-4.949404720206802,0,0,0,0,0,0,0,0,7.840213202675665,-5.860391920693264,-4.161090308881444,7.803094038700847,0,0,-4.3741199939587245,0,-4.458162121683063,0,0,4.987277409111604,-8.680706032051136,0
none,1.5964996927359352,-4.770684624465664,-8.989731106644745,-7.867297052850607,0,3.1354942159291492,4.0893320203985555,3.443618097546107,1.0747305566647225,4.192680462942962,-4.192680462942962,0,6.512339506726974,0,-0.783363386383674,3.443618097546107,0,4.192680462942962,3.443618097546107,0,-10.564756994198051,0,4.192680462942962,6.329720905522696,0.0815460041183108,3.443618097546107,6.40108766536481,4.192680462942962,4.192680462942962,-1.1849100844995817,-9.962388336456236,7.198456438050666,2.2204460492503128e-16,-10.586230799380681,1.856297990365626,0,-10.586230799380681
none,-3.945490869541227,0,-10.369131192810858,-5.264963793858872,0,0,7.908508395092299,6.345782018726513,4.283075779498903,4.283075779498903,-4.283075779498903,0,3.1802171999493423,0,4.283075779498903,6.345782018726513,0,4.283075779498903,6.345782018726513,0,-12.083172884197472,-7.891011696585536,4.283075779498903,-2.052720506042221,-5.339374063475597,6.345782018726513,0,4.283075779498903,4.283075779498903,4.283075779498903,-7.681349871795582,-1.2623733186092698,4.669121800235626,-6.423640323269631,5.614203759310086,-11.396297247945457,-0.1309485446073703
none,0,-3.0263805371128063,0,0,0,0,0,7.66054924892476,-4.79544859513879,-3.469585973203818,0,0,0,0,0,7.66054924892476,0,0,7.66054924892476,0,-7.137884719617733,-3.1526742624370985,0,-7.343099123870088,0,7.66054924892476,0,0,0,0,0,0,-4.484246630838393,0,0,0,0
none,-11.273079440763837,-7.345232554612003,-11.273079440763837,-13.02310647008244,0,0,0,0,-4.004036439208743,0,0,0,5.49696660454838,0,0,0,0,0,0,0,-9.119888387107084,-11.707258833647476,0,3.8323311833698464,-6.5973153062244085,0,0,0,0,-7.84291477776486,0,0,11.707258833647476,0,0,0,6.524087744985956
none,0.9427924229706993,-5.459478538726858,-9.005892505789749,-6.572485656817546,0,0,0,5.255865827286731,0,0,0,0,0,0,0,5.255865827286731,0,0,5.255865827286731,0,0,0,0,-7.590700995759883,0,5.255865827286731,0,0,0,0,0,9.948684928760448,-4.834328709412363,-9.948684928760448,0,0,-0.8352252344582001
none,8.205300010685857,0,0,0,0,0,0,0,0,0,0,0,0,0,0,0,0,0,0,0,0,0,0,0,0,0,0,0,0,0,0,8.205300010685857,0,-8.205300010685857,0,0,-0.7027861901663831
FA,-9.817969246919853,0,-9.817969246919853,0,0,0,5.767179480426422,6.762168989470841,3.8991330354239517,3.8991330354239517,-3.8991330354239513,0,0,0,3.8991330354239517,6.762168989470841,0,3.8991330354239517,6.762168989470841,0,0,0,3.8991330354239517,5.358699597650168,0,6.762168989470841,0,3.8991330354239517,3.8991330354239517,3.8991330354239517,-11.935726618979402,0,0,0,0,-9.171402583005115,0
FA,0.09339369272539953,0,-8.157117107109913,-6.263728764985558,0,0,6.396772392378071,11.710098532724539,0,0,0,-4.704468905187729,5.597523560381036,0,0,11.710098532724539,0,0,11.710098532724539,0,0,0,0,-3.2256326073310806,0,11.710098532724539,0,0,0,0,-7.256836039765694,8.250510799835313,0,-8.250510799835313,0,-10.35612393937664,-8.250510799835313
none,-5.000340769793677,-6.027487221251938,-12.828600886607548,-10.28520932459663,0,0,4.050557656097703,0,0,0,0,0,0,0,-6.861844907779532,0,5.960224857035673,0,0,0,-6.097272504274982,0,0,0,0,0,4.028429093586969,0,0,0,0,7.82826011681387,0,-7.82826011681387,0,0,-2.1299507471557058
none,8.259143066822181,0,0,-8.041686966498578,0,4.099851035679442,0,4.941147377677947,1.9110228900548725,4.67062350311583,-4.67062350311583,0,0,-3.6758913449351125,4.67062350311583,4.941147377677947,0,4.67062350311583,4.941147377677947,0,-10.34789391018787,0,4.67062350311583,2.512761672325143,-2.941922169854912,4.941147377677947,0,4.67062350311583,4.67062350311583,4.67062350311583,-6.032964623213228,8.259143066822181,0,-8.259143066822181,0,-12.051769788998321,1.5130411993165302
none,7.255109316922709,-10.029567000506509,0,-12.769724360375598,0,5.992929316677949,0,0,-6.57232253754072,0,0,0,7.247287399017475,0,-4.515078962812142,0,0,0,0,0,-10.533282574465744,-9.723604943140662,0,1.3042174026151119,-8.189214656545294,-4.421201448009313,0,-7.212881696128661,0,0,0,1.004586306048725,3.336815710968008,-7.255109316922709,0,-9.673193130744966,-0.27310600614332703
none,-5.264062900774611,0,-6.820494878601833,-1.4378954898949727,0,-5.71364444604475,0,1.5507863947418814,3.9188290598971456,4.048882188145344,0.6751404203488734,5.71364444604475,10.189550920265244,5.71364444604475,7.116548861730261,5.419041930748396,1.5041868598599581,2.5134098078675726,-0.42956965834698146,0,0.3682357663398087,-0.7975219888930122,-2.0661101785759137,1.002524908651626,2.1871037318890494,-4.123822026932109,6.521614620632602,-0.6823494300246077,-4.0675957080316,1.557055095512769,5.71364444604475,0.6420478242236479,1.7782417788210545,-7.270076423871972,4.6051310863939285,-0.9448446772232411,-2.9107313655420124
none,-9.090648738997698,0,-7.569318094073865,-5.4603858656699105,0,-4.354239938953355,0,7.484687115033968,5.312783220562911,5.312783220562911,-0.2726592561220845,4.354239938953355,11.462266551366591,4.354239938953355,5.312783220562911,1.4582815916332996,1.0158978865402561,5.312783220562911,2.2316774658192684,0,-2.052266409396317,-4.713434376635268,-1.635729010492777,9.990480556560971,5.0087467194083874,-1.3978703839468434,0,3.830661599196371,-5.41887265194158,5.312783220562911,4.354239938953355,-2.5518894703469277,9.067674315588622,1.3908022575590806,8.371499768179278,4.354239938953355,-2.8329092940295206
none,-11.896919826016829,-3.632715398062349,-6.6425026929338005,-2.0355119429562607,0,1.2856627851985973,9.04651667257899,0,-5.585943545381506,0,0,-2.7280951170649463,5.317875843400145,5.254417133083028,0,-2.3604839366730466,-5.254417133083028,0,0,0,2.036204993743906,5.254417133083028,0,4.260809786452561,-5.715685411726981,0,0,-5.917926788140315,0,0,5.254417133083028,-7.53963543115305,0,0,0,5.254417133083028,0
none,2.7981593261059228,-7.44331536667556,-0.006510054358197503,-3.1700270554902454,0,-8.615268609243104,5.87619344432777,0,0,-6.7708461494671,0,8.615268609243104,0,8.615268609243104,0,-11.161609851914411,-8.615268609243104,0,0,0,-0.11109750110062637,8.615268609243104,-9.832125635408756,0,0,0,0,0,0,0,-3.265761903623036,9.933610740609675,0,-11.419937989707226,0,8.615268609243104,-0.04754066211061523
none,0,0,0,0,0,0,0,3.0506018868576374,0,0,0,0,1.987707680791607,0,0,3.0506018868576374,0,0,3.0506018868576374,0,-8.689236900801438,-11.4422428495348,0,-4.627290579995756,0,-1.1517221139820581,0,0,0,0,0,0,4.504904685685201,0,0,0,0
none,-11.048796680090664,-3.997741051023637,-11.048796680090664,-9.820934076422636,0,0,5.982715751682791,11.28877636581189,-3.22898183020664,0,0,-2.308852322025319,6.482499673278246,0,0,11.28877636581189,0,0,11.28877636581189,0,-9.19489276198384,0,0,2.9627787894319835,-4.215541757927351,11.28877636581189,0,0,0,0,0,0,-3.7282466315715546,0,3.4605191736493186,-6.68762848733515,0
none,-7.2091603998792655,-2.3169861811315053,-11.22789834889307,-6.309183845671914,4.662226215206793,0,2.538973871058276,0,0,-4.09441168349159,0,0,3.042782669864031,0,-7.8223081142301805,0,0,0,0,-4.662226215206794,0,0,0,-7.272394889876796,-6.012828691966704,-3.1124518481095778,-4.662226215206794,0,0,0,0,4.018737949013806,-6.8248091832857964,3.539447968700509,-4.662226215206794,0,-4.018737949013806
none,3.1929481896117564,-2.9134642149066403,-7.913729350742169,-9.578991353516606,0,4.554790480707569,0,-1.2496749578067916,2.8908643829894,2.8908643829894,-2.8908643829894,0,7.6555747807830645,-2.030143502270055,-2.0304013462551946,4.046846703316468,0,2.8908643829894,4.046846703316468,0,0,0,2.8908643829894,-5.51179930560051,-5.870757592513645,4.046846703316468,0,2.8908643829894,2.8908643829894,2.8908643829894,-10.517423450259514,11.106677540353925,-3.531213377982374,-11.106677540353925,0,-7.19732043795888,-7.111502847581779
none,4.604518263233706,-4.121402220895475,0,-7.130936325011529,0,0,0,0,-4.365443889847302,0,0,0,4.501708769367484,0,-2.0845202936344354,0,0,0,0,2.258873680779213,0,0,-1.9021987368404807,4.301462957986218,0,0,0,0,0,0,0,4.604518263233706,-3.6649706691952835,-4.604518263233706,1.264621407435346,0,-0.15734863586257453
none,-2.0560682993480586,-3.307404726829727,-9.364254707470474,0,0,3.5248985456018183,0,4.5661857676506585,0,-4.5661857676506585,0,0,6.26783816407257,0,0,4.5661857676506585,0,0,4.5661857676506585,5.0950477539027474,0,0,-2.571085374404573,0,0,4.5661857676506585,0,-3.3454058450083406,0,0,-8.837643904193683,7.308186408122416,-4.046991894214151,-7.308186408122416,0,0,1.2741661406863192
none,3.1174740375927494,0,0,-3.3974848395478796,0,0,8.440547919258524,8.905763542976217,0,0,0,0,9.856991522473443,0,-4.724288424254466,8.905763542976217,0,0,4.915736221989692,0,-6.541978473403523,-6.018463655859428,-8.27346285206176,-0.5790021131407934,7.178368685331641,4.512707168679409,7.56841348232459,-9.973761334441237,0,-5.834796979723533,-3.9954868431914248,3.1174740375927494,0.2159086248408823,-3.11747403759275,7.063581983993269,0,-3.11747403759275
none,-3.0546373292120865,0,-3.0546373292120865,0,0,3.9092719796631443,0,0,8.728385630924034,1.9910736244848934,-8.728385630924034,0,5.593882460274739,-7.315864140028539,8.728385630924034,0,0,8.728385630924034,0,0,-7.439751974574545,0,8.728385630924034,0,0,0,0,-0.3219854697905028,8.728385630924034,8.728385630924034,0,0,0,0,0,-12.415618842448836,0
none,9.761010666887973,-6.884796383966875,0,-10.99526321807213,0,0,0,0,-2.0806889801379533,4.248289685740034,-4.248289685740034,-7.4320334318656585,10.382810377439299,-7.801842780811072,4.248289685740034,0,2.1844181684375843,4.248289685740034,0,0,0,0,-4.979249145670763,2.767477312692731,3.964878082411706,0,4.562715083167326,-6.069959915396329,-5.923244507131944,-5.289728519296965,0,4.668280265561514,-5.688388451105654,-9.761010666887973,4.130328317492897,0,-4.2015776027338765
FA,0,-1.118638077125633,0,-5.62571295844731,0,3.4086443879128185,5.476548105160859,1.6602353595583774,0,0,0,0,0,0,0,1.6602353595583774,0,0,1.6602353595583774,0,-0.5432739322220712,-8.184705009920439,0,0,0,1.6602353595583774,0,0,0,0,0,0,8.184705009920439,0,0,-7.508668990650623,0
FA,6.93541211125459,-6.40010606178804,5.975463020268522,5.975463020268522,0,-5.975463020268523,0,0,0.08161534412896981,5.200325888127551,-5.200325888127551,5.975463020268522,12.386006159038379,5.975463020268522,5.200325888127551,0,-5.975463020268523,5.200325888127551,-3.0315667819566534,0,-0.6170326865391338,-3.675262460836974,0.4013486659531296,0.5255654821895229,-7.596934642388787,-8.424795935934132,7.795017546867338,-5.330829621246234,-6.887618111349371,-5.021769308909937,5.975463020268522,6.93541211125459,9.650725481105496,-6.93541211125459,10.21488981331622,5.975463020268522,-6.93541211125459
none,0.36094086929591673,-2.849970765810947,-0.22202310301772019,-0.2843169543014675,0,-5.589878040857777,8.902658191650158,0,5.606902878410513,5.606902878410513,-3.832686263191625,5.589878040857777,6.881701735305061,5.589878040857777,5.606902878410513,0,-3.462382070701295,5.606902878410513,0,0,0.23355591497992645,-1.3625927653354912,0.9905398572499337,2.195708276818255,0,-9.406272786784273,0,5.606902878410513,5.606902878410513,5.606902878410513,4.396691308078129,6.1728420131714135,2.405665468734599,-6.172842013171414,0,-5.061876577675003,-1.7321036555468987
none,-7.377947382528967,-6.202002481305137,-9.874541107768959,0,0,0,6.63581554035944,1.2156598797779263,0,0,0,0,3.3707388356633827,0,0,-0.7351113796589778,0,0,1.2156598797779263,0,-5.8425915575475305,0,0,-0.5624499891712977,0,-2.104134154270208,0,-3.3197940340481344,0,0,0,2.4965937252399906,-4.90167810161083,-2.4965937252399906,0,0,-2.4965937252399906
none,0,0,0,0,0,0,6.244855803399511,4.546335944168969,0,0,0,0,0,0,0,4.546335944168969,0,0,4.546335944168969,0,0,0,-4.295021515888062,0,0,4.490677186766993,0,0,0,0,0,0,-0.2968208142188641,0,0,0,0
FA,10.382692779640399,0,0,0,0,0,9.300949061386964,6.377782238877109,0,0,0,0,7.04725189108432,0,-8.993910512044508,6.377782238877109,0,0,6.377782238877109,0,-10.658718288440921,0,0,7.531504599825064,0,-3.1494139265568557,0,0,0,0,0,10.382692779640399,0,-10.382692779640399,0,-12.891662845197487,-5.8870848144068555
FA,7.04029939605606,-5.810452586287136,0,0,0,0,0,7.091131484171415,0,0,0,0,8.772352528399537,0,0,7.091131484171415,0,0,0.27119195878066715,0,-7.370210922795976,-6.373136300462555,0,9.437470365392997,0.7828922207859385,0.09111976866630403,6.790995018703177,-7.595594278521866,-12.36567933783783,-4.721827539999527,0,7.04029939605606,1.3061134251558295,-7.04029939605606,6.671260316444841,-13.162219159676152,-2.4047091792881856
none,6.48268057215313,-4.716156225590848,0,0,0,0,0,4.377041979506797,0,-4.767581437398285,0,0,7.198861685848209,0,0,4.377041979506797,0,-5.072039299354904,4.377041979506797,0,0,0,0,-4.211304213723278,0,4.377041979506797,0,-8.041363071277653,0,0,0,6.48268057215313,0,-6.48268057215313,0,0,-3.509368015588326
none,0,-6.732456991108663,0,0,0,7.822514058211422,7.797816651010193,1.5457554918639544,-4.993472889161003,0,0,0,0,0,0,1.5457554918639544,0,0,1.5457554918639544,0,0,0,0,0,-5.949234053255788,1.5457554918639544,0,0,0,0,0,0,0,3.8625252198499567,0,0,0
none,-4.818021779468723,0,-4.818021779468723,0,0,5.47617423524283,6.791587474379097,0,0,0,0,0,0,0,0,0,0,0,0,0,-10.66126823306673,0,0,0,0,0,0,0,0,0,0,0,0,0,0,-10.212741184212671,0
none,6.075984862785234,0,5.1624613412552405,5.1624613412552405,0,-5.1624613412552405,0.8806004053620811,8.157329683869968,8.420923163953772,8.420923163953772,-8.420923163953772,5.1624613412552405,10.742575620979798,5.1624613412552405,3.1748384467871245,8.157329683869968,1.6289357081473679,8.420923163953772,8.157329683869968,0,-2.250564327445923,5.1624613412552405,-2.612168568609121,11.474067627186809,0,-1.2528370489714928,0,8.420923163953772,8.420923163953772,8.420923163953772,5.1624613412552405,6.075984862785234,0,-6.075984862785234,6.297533793870393,5.1624613412552405,-6.075984862785234
none,0,-6.3552895662417255,0,-6.35865657278963,0,0,7.298663831281101,0,11.064625287741363,11.064625287741363,-11.064625287741363,0,11.028567465356792,0,11.064625287741363,-5.175748848928618,0,11.064625287741363,-5.749294281184955,0,0,-10.226518682432006,-0.36953592790554146,-6.432344288580789,1.6542074351516594,-9.620276308818429,9.044363779737257,11.064625287741363,0.01470718291585168,2.5724687976842646,0,0,3.8860089656276147,0,6.184703265666192,-9.83815241394816,0
none,0,-6.638419283522224,6.959415562657989,-0.8280155994556531,0,-6.959415562657989,5.547456076018064,2.1810563034392154,0,-5.213133029800544,0,-0.9519091720392043,10.0186875379222,6.959415562657989,0,-0.16705408466316646,-2.293452609430773,0,2.1810563034392154,4.810793901105672,6.959415562657989,-2.9570570647098102,0,3.4978324264330967,0,2.1810563034392154,0,-5.373081344383899,0,0,6.959415562657989,-2.6330414271822726,2.3910335905373006,0,0,6.959415562657989,0
none,6.610423888072777,0,6.334467206853358,6.334467206853358,0,-6.334467206853358,7.915706712691997,0,0,-5.667807143486836,0,1.6922660972342216,10.502068307187699,6.334467206853358,-6.242815159300314,0,1.1727079709026378,0,0,0,6.334467206853358,-2.095316245621125,0,6.5964258854316835,0,0,0,0,0,0,6.334467206853358,6.610423888072777,1.3943709193694023,-6.610423888072777,0,6.334467206853358,-1.190871897058265
none,0,0,0,0,0,0,8.921206528187644,-5.672727161351252,-4.766099922906445,0,0,-4.973637408004504,0,0,0,0,0,0,0,0,-1.5657954836236798,0,0,-4.812861632743379,0,-3.537094866683813,0,-1.414972593889096,0,0,-8.072565604519358,0,0,0,8.772855034885385,0,0
none,-7.775443382641872,-4.000914097490491,-4.361962030389568,-1.551079828359545,0,-3.413481352252304,7.152287721823252,0,0,0,4.5718436453261875,3.413481352252304,0,3.413481352252304,0,0,-3.413481352252304,0,0,0,-5.554784808031497,-6.002273750999239,0,3.2701770101858805,-6.289597701243747,0,0,0,0,0,-4.05873938581102,0,1.1998986251515262,0,0,-4.997986633880245,0
none,-2.1391569598133544,-8.39683801505158,-6.989583374150997,2.017628541542712,0,-2.017628541542712,0,7.030824656500641,0.48979031308477256,6.444009386649216,1.3130822245695335,2.017628541542712,9.802939054842927,2.017628541542712,6.444009386649216,7.030824656500641,2.2127725937247043,6.444009386649216,-0.19838955576577422,0,2.017628541542712,-5.6928252267757795,-2.727783689048002,1.755082052737356,0.6086240093562982,-1.433886227135312,6.374337368232304,-1.5689863332302834,-3.492592988082526,0.4157895699544756,2.017628541542712,6.868054955880355,0.5972676308756112,-6.868054955880355,4.430561691705623,-2.8180154831467847,-6.868054955880355
none,6.576552229578949,0,2.85413552855085,2.85413552855085,0,-2.85413552855085,4.937707600679976,11.209805009916339,-0.9247059287994392,2.0995355687772412,-2.0995355687772412,1.4619317753255106,11.207443840454024,-1.0694948900973826,2.0995355687772412,2.3143903816765206,-2.85413552855085,2.0995355687772412,11.209805009916339,5.303083247951407,2.85413552855085,-5.9773924885605165,-9.520403558982716,5.0823904327496905,1.1237664358257753,11.209805009916339,7.393406444602959,-9.459616103808688,2.0995355687772412,-4.391314355867067,2.85413552855085,6.576552229578949,1.6178857457635938,-6.57655222957895,6.331598754314571,2.85413552855085,-2.7138305640177096
none,0,-8.582007801185792,0,0,0,0,6.95498989219475,0,0,0,0,0,0,0,0,0,0,0,0,0,0,0,0,-5.371159083182869,-8.631493817862577,-10.541679565014604,11.425842112353106,0,0,0,0,0,0,0,0,-5.870928605989263,0
none,0,-7.690779100103961,0,0,0,0,8.592058714822631,0,0,-5.655382473015507,0,0,11.490516087091194,0,0,0,0,0,0,0,0,0,0,-2.0706216609016574,-9.1845444090151,-11.447983778436862,11.206209819435424,-3.9592982137108144,0,0,0,0,-8.43258320088429,6.514798237763629,6.78831642441607,0,0
none,4.120984440475467,0,6.2928912098273955,-0.5296641531525226,0,-6.292891209827396,6.234600933953764,4.399689661397724,0,0,0,6.2928912098273955,11.014239789229613,6.2928912098273955,0,9.82222723453799,-6.292891209827396,0,9.82222723453799,0,6.2928912098273955,6.2928912098273955,0,-1.467543653443818,2.74854571421017,-1.2545910864645877,9.146610969057456,0,0,0,6.2928912098273955,4.120984440475467,-8.60391636852661,-4.120984440475467,5.178123480937001,6.2928912098273955,-4.120984440475467
none,-5.34344644651365,0,-13.62228695939426,0,0,0,4.83355679894586,-8.872310046652107,0,0,0,0,0,0,0,0,0,0,0,0,-10.32979157765495,0,0,0,0,0,0,0,0,0,0,8.278840512880612,0,-8.278840512880612,0,0,1.3189057785141876
none,-0.27641020598693583,-1.319895081253498,-5.271631774949666,-6.359840204603581,0,0,8.05856390868299,-4.314920718031065,4.320742455474259,0.8093370981479807,-4.320742455474259,0,3.392905732603044,0,4.320742455474259,-0.9465960813694838,0,4.320742455474259,2.0130422618134434,0,0,0,4.320742455474259,1.0921257794385029,-5.455676833339772,-10.073117262200846,0,3.263211638688252,4.320742455474259,4.320742455474259,0,4.995221568962731,0,-4.995221568962731,0,0,-4.995221568962731
none,0,0,0,-6.09639009631342,-6.612434257688944,0,8.924396200198856,0,4.090277625621636,-4.005120631781739,-4.090277625621636,0,11.305463975303844,0,0.06529515523300997,0,0,4.090277625621636,0,0,0,0,-6.829588714087343,-2.3879534699661473,0,0,11.280752115142725,-6.633380275605925,4.090277625621636,4.090277625621636,0,0,0,0,7.604649323958194,0,0
none,0,0,0,0,0,0,8.293343984632376,0,5.583718121123086,-2.5564597216743374,-5.583718121123086,0,12.675757791529625,0,5.583718121123086,0,0,5.583718121123086,-4.256763199789504,7.27989444753161,0,0,2.77696509683958,6.517325303008702,0,0,11.131771361941171,2.2016009519360185,5.583718121123086,5.583718121123086,0,0,0,0,4.033276654131338,0,0
none,0,-5.8699757927347225,0,0,0,3.1862941826494704,9.865090421986297,5.880492270943529,-6.542029190234868,-6.536755062811511,0,0,5.270190074678687,0,0,5.880492270943529,0,0,5.880492270943529,0,0,0,0,3.4383861172166474,0,5.880492270943529,0,-6.260052479721145,0,0,-5.542194334411238,0,0,0,0,-6.676166019700553,0
none,0,0,0,0,0,0,6.778943341446294,0,0,-6.237753806215937,0,0,12.830917863489377,0,-6.157648814589841,0,0,0,0,5.221939996858584,0,-7.551003215120456,-7.051172204855558,1.8188162706155684,-3.836677095345356,0,10.298718560945634,-8.262917902736282,-9.852869456837999,0,0,0,1.5743812492621794,0,10.375285277347016,0,0
none,0,-1.9136748928402185,0,0,-0.01420316097232854,0,-1.960818492095568,6.361667326417706,0,-8.868868294082137,0,0,4.243747530610819,0,-3.898916668526915,6.361667326417706,0,0,6.361667326417706,-1.9832647977478346,0,0,-1.997804662371496,-2.8935717606268354,-7.831210904821202,6.361667326417706,5.339425541752313,-5.805355646202931,0,0,0,0,-11.386438489221197,6.780730441432764,2.2059916172468355,0,0
none,0,-7.696149233158896,0,-6.561357287913284,-5.865575059715334,0,8.392403739546616,-8.300305360749418,-6.407864286504997,0,0,-9.996913718922281,0,0,0,0,0,0,0,0,0,0,0,-3.0710072408767637,0,0,0,0,0,0,-5.6308684945338365,0,-9.992375013882649,7.248754888564369,0,0,0
none,5.57460151424702,-6.0984347221763615,0,0,0,0,5.13293595808942,4.618789045737479,-4.294560608892605,2.556806725429412,-2.556806725429412,0,11.853503323933584,0,2.556806725429412,0.284425801258006,0,-5.566463699162934,-0.4680447647604024,0,0,0,-8.507787558342141,-1.7150433548672492,-7.028533427016852,4.618789045737479,2.783022475780592,2.556806725429412,2.556806725429412,2.556806725429412,0,-2.1516397046374185,-11.284162346018325,0.37619720912327703,0,0,-0.48960763067114554
none,0,-4.637497114914971,10.49890938545154,10.49890938545154,0,-10.49890938545154,9.639072624899796,0,-4.747281791787245,0,0,10.49890938545154,0,5.9018412605322155,0,0,-0.8829363900465012,-7.463190579501976,0,0,10.49890938545154,10.49890938545154,0,-8.38371013351707,-4.876365438013531,0,0,0,0,0,10.49890938545154,0,-12.794798333461154,0,0,10.49890938545154,0
none,4.033358465079532,0,8.119411869717652,8.119411869717652,0,-8.119411869717652,6.024369775465022,4.160677943100884,4.576322619422513,4.576322619422513,-4.576322619422513,8.119411869717652,9.496676998923382,8.119411869717652,-3.4843188288302978,0.14583852578858963,-8.119411869717652,-2.3901116180113036,0.3760161037601793,0,8.119411869717652,0.37517011392070737,4.576322619422513,6.605475301817242,8.507939191455758,4.160677943100884,0,4.576322619422513,4.576322619422513,4.576322619422513,8.119411869717652,4.033358465079532,1.2759831408656364,-4.033358465079532,0,8.119411869717652,-4.033358465079532
none,7.853226609267308,0,0,0,0,0,0,0,-5.110085088353828,0,4.536985950081118,0,0,0,-4.852556054072735,0,0,0,0,0,-7.399833034587193,0,0,-8.785222593732346,0,0,0,0,0,0,-6.53699734153383,7.853226609267308,-6.509683415100081,-7.853226609267308,0,0,-0.2635636698377265
FA,3.525580887550341,-7.352745079715218,2.4361852539871554,2.4361852539871554,0,-2.436185253987156,7.318709128469413,7.755878034458862,0,0,0,2.4361852539871554,9.342398059564934,2.4361852539871554,-6.503721051775037,7.755878034458862,-2.436185253987156,0,7.755878034458862,0,2.4361852539871554,-8.336722397966957,0,6.9286946809751795,-6.80934239551065,7.755878034458862,0,0,0,-9.319685439332442,2.4361852539871554,3.525580887550341,4.354215278766487,-3.525580887550341,1.9344921137844375,2.4361852539871554,-3.525580887550341
none,5.872690855326337,0,6.5568839671081225,-0.5621123768402415,0,-6.5568839671081225,8.5964995430050255,8.052036399776817,0,0,0,6.5568839671081225,0,6.5568839671081225,-7.947502571085889,8.052036399776817,-6.5568839671081225,0,8.052036399776817,0,2.078624214294737,6.5568839671081225,-9.606067874640539,-0.07661193878270661,-5.327796002495568,-2.7097134671282292,0,0,0,0,6.5568839671081225,5.872690855326337,-11.306432675660295,-5.872690855326337,0,6.5568839671081225,-5.872690855326337
none,0,0,0,0,0,0,8.789288890861114,0,6.863218519403662,6.863218519403662,-6.863218519403662,0,0,0,6.863218519403662,0,0,6.863218519403662,0,0,0,0,6.863218519403662,2.627095725398136,-5.129995552628181,-12.135364022796093,0,6.863218519403662,6.863218519403662,6.863218519403662,0,0,-10.152885440378947,0,9.952136430823401,0,0
FA,1.421157075875823,0,6.447901238871059,0.9720648571655666,-6.907548651707264,-6.447901238871059,7.046099822691714,8.72765405673895,3.9060637256638233,3.9060637256638233,-3.9060637256638233,6.447901238871059,11.014713451297723,6.447901238871059,3.9060637256638233,8.72765405673895,-6.447901238871059,3.9060637256638233,8.72765405673895,5.633854312049403,6.447901238871059,6.447901238871059,-6.021111512420148,7.202288525786139,8.63886384366597,4.559883745026608,8.101142735154967,3.9060637256638233,-4.9792210679160975,-2.681928505180449,6.447901238871059,1.421157075875823,-4.370979648125736,4.713449514686729,6.916326667989129,6.447901238871059,-1.4211570758758227
none,0,-4.128906837639801,0,0,0,0,11.594028048959476,0,0.299299115161521,4.996829581091041,-4.996829581091041,0,0,0,1.36162140242443,0,0,4.996829581091041,0,0,0,0,4.996829581091041,0.9958986125538153,0,0,0,4.996829581091041,4.996829581091041,4.996829581091041,0,0,-7.311269987560489,0,0,0,2.973023223710632
FA,0,0,4.499563071834326,4.499563071834326,0,-4.499563071834326,0,3.580894217555204,12.24573073734915,5.523922236395458,-12.24573073734915,4.499563071834326,10.543024940978666,4.499563071834326,5.197427909606716,3.580894217555204,-4.499563071834326,12.24573073734915,-5.939419090217878,6.3176938319434,4.499563071834326,-3.7707385269106384,12.24573073734915,8.146581855607115,7.8781796237739945,3.580894217555204,0,12.24573073734915,12.24573073734915,12.24573073734915,4.499563071834326,0,2.215975040380225,0,7.303355231676758,4.499563071834326,0
none,5.047698256297423,-1.6904820843573003,0,-7.998549012313878,4.789082526985852,0,2.4478161201528055,0,-1.1824790927800497,3.9458982059244403,-3.9458982059244403,0,-4.789082526985852,0,3.9458982059244403,0,0,3.9458982059244403,0,-4.789082526985852,-7.656616002155773,0,3.9458982059244403,-6.576732168867505,-4.41086041289725,0,-4.789082526985852,3.9458982059244403,3.9458982059244403,3.9458982059244403,-5.451251927060319,-1.6452006633183567,-11.293165813092612,-5.047698256297423,-4.789082526985852,0,0.40991097125836273
none,3.8885673552910944,0,0,0,0,0,5.149142863523256,0,3.551310497209464,3.551310497209464,-3.551310497209464,0,10.522110221588832,0,3.551310497209464,0,0,3.551310497209464,0,0,0,-8.96986210520703,-4.613187412518732,-3.0294619120977013,3.5867062797267875,0,10.097066636748993,3.551310497209464,-5.166119464335649,3.551310497209464,0,3.8885673552910944,1.2506094079017656,-3.8885673552910944,0,0,-3.8885673552910944
FA,4.420891174538297,0,10.750540201219936,10.750540201219936,0,-10.750540201219936,6.120809861064868,0,0,0,3.3484315986806465,10.750540201219936,3.321126147990379,7.305880570444737,-4.975226422150686,0,-10.750540201219936,0,0,0,8.48072022450073,10.750540201219936,0,-8.131565876226345,10.222953858999926,0,0,-4.475806932134412,0,0,10.750540201219936,4.420891174538297,0,-4.420891174538297,0,10.750540201219936,-1.8317177815296581
none,0,-3.2713474653811057,0,0,-6.163342336764596,0,7.55457098494332,8.51633807718659,0.5218286971103214,-0.08585329926900213,-1.2149758776702668,0,10.351821814282728,0,3.3603753871419,8.51633807718659,0,5.497392481252817,2.7887562177863607,0,0,-9.128729089353454,5.497392481252817,2.0411022581351372,-6.0959236854379135,8.51633807718659,10.89179738837556,0.4609537937258178,5.497392481252817,5.497392481252817,0,0,2.917260973540008,5.180673355946491,4.543142866045803,0,0
none,6.136989143851699,0,8.587485277916135,-0.017679513458827033,0,-8.587485277916135,8.403250947424162,0,4.254868732671716,4.254868732671716,-4.254868732671716,8.587485277916135,10.925118692886983,4.306280996906616,4.254868732671716,0,0.22943207070458066,0.7781177405147224,0,7.458687953408271,8.587485277916135,-1.1659149518817251,-3.8617936038059955,4.738486111715282,6.956387393648472,0,4.841406178173403,-7.859086108898563,4.254868732671716,4.254868732671716,8.587485277916135,6.136989143851699,3.9631151301571506,-6.136989143851699,5.108566614904387,8.587485277916135,-6.136989143851699
none,0,-0.4226889653372894,0,-6.316861851966772,-0.09134523304070527,0,0.5989246106971139,0,-6.6499994846263615,-4.358196952751014,2.968999831973162,0,6.241526043030532,0,0,0,0,0,0,-5.979735272119202,-4.563206049811763,-9.265487947393028,0,-8.92506809205336,-8.147675605421066,0,5.513929766108898,-3.724138688561075,0,0,-3.810466772049572,-6.817166254233811,-2.52620850515782,6.4158447557526,-5.979735272119202,0,0
none,0,-7.018137928663653,0,0,0,0,10.502394423334326,0,-4.023640985717655,0,3.454722805119919,0,0,0,0,0,0,0,0,0,-7.603282142900245,0,0,-7.180945814210934,-2.171918051722043,0,0,-1.8879743013808692,0,0,0,0,-11.786872233224967,0,0,0,0
none,0,-4.270899437298611,0,0,0,0,4.608329987361635,0,0,0,0,0,0,0,0,0,0,0,0,0,-6.711084814945284,-9.914223942917697,0,9.622534892591446,0,0,0,0,0,0,0,0,1.730255068026334,4.0791374867255685,0,0,0
none,0,0,0,0,0,0,0,-6.148546880521694,0,0,0,0,0,0,-5.79397142997677,0,0,0,0,0,0,0,0,4.698266990474124,0,0,0,0,0,0,0,0,-10.473353198913255,0,0,0,0
none,0,0,2.5796429402446224,-0.06613980250454518,0,-2.5796429402446224,6.456171614260301,10.251159179114696,9.748295267161389,5.305433893706566,-4.086977623562051,2.5796429402446224,10.021709974481404,2.5796429402446224,3.471474069988135,10.251159179114696,3.8627968487919127,6.2678657815785765,1.5099122992390626,4.047950453025348,2.5796429402446224,-7.040596262388884,4.145105365179899,2.2039006820261036,6.976305534555933,4.578920990168697,3.494222807715148,2.9430046362837072,0.9615423547852878,9.748295267161389,2.5796429402446224,0,2.7166334286697635,0,4.957129341411786,2.5796429402446224,0
FA,0,-4.302521019878536,0,0,0,0,10.858606231210878,6.560051341477468,11.306736039396288,5.443826451178763,-11.306736039396288,0,0,0,11.306736039396288,6.560051341477468,0,11.306736039396288,6.560051341477468,0,0,-9.64746302519138,11.306736039396288,2.6160941725245603,-5.111416647397077,6.560051341477468,0,11.306736039396288,11.306736039396288,11.306736039396288,-3.907670113012145,0,0.8294697286421383,4.098626977830453,1.600549864852708,0,0
FA,6.872695745500646,-2.9226522708230402,0,0,3.5600809923234866,0,3.7881069953440654,0,11.542536329899482,11.542536329899482,-11.542536329899482,0,-3.5600809923234866,0,11.542536329899482,0,0,11.542536329899482,0,-3.5600809923234866,-6.495092887387383,0,11.542536329899482,-1.1810770922396878,0,0,-3.5600809923234866,11.542536329899482,11.542536329899482,11.542536329899482,0,6.872695745500646,-9.645652159086707,-6.872695745500646,-3.5600809923234866,0,-5.794739760003283
none,0,-5.528469431342136,0,0,0,0,8.817605565628208,5.856469434287369,7.412492210018479,1.4806596156405507,-1.1447135563532351,0,8.927933027401721,0,7.412492210018479,5.856469434287369,0,7.412492210018479,5.856469434287369,0,0,-6.938207305682687,-0.11308504714693299,-0.045083113748593216,-2.1444682248969085,1.2066233170476488,3.298021866514514,0.8784529019356517,7.412492210018479,7.412492210018479,0,0,-3.3116463129886258,4.405144844850532,0,0,0
none,3.879048709336186,-1.4490952623589208,0,0,4.238576722257325,0,2.819290830851851,0,0,-5.64984160884369,0,0,7.96393131983181,0,-7.744493388391501,0,6.233528956380241,0,0,0.4635727389154451,0,0,0,7.510255821998087,-5.938912088321697,0,-4.238576722257325,-7.1815151009020814,-9.82232469698861,0,0,0.5349231753450508,-6.914982376714385,0.370859578930689,1.326114796945766,0,-3.879048709336186
none,0,0,0,0,0,0,6.068162153664016,9.760699648864382,4.077810751704135,4.077810751704135,-4.077810751704135,0,0,0,4.077810751704135,9.760699648864382,4.079501369182042,4.077810751704135,9.760699648864382,0,-7.642589667868099,0,4.077810751704135,-0.12102484998458866,0,9.760699648864382,0,4.077810751704135,4.077810751704135,4.077810751704135,0,0,0,0,0,-5.860505003045079,0
none,1.7147980826613873,0,0,0,0,0,10.15088219343278,6.866693446753824,7.456418794513132,7.456418794513132,-7.456418794513132,0,8.44840520795252,0,7.456418794513132,2.7399920801379554,0,7.456418794513132,6.866693446753824,0,-4.122053798219322,-8.745807990831215,-1.082321830786517,0.3639937437993538,3.8176698761496093,6.866693446753824,5.821707059171038,0.661931245465478,7.456418794513132,7.456418794513132,0,1.7147980826613873,1.1755922301169777,-1.7147980826613873,0,0,-1.7147980826613873
none,0,0,0,0,0,0,7.291559588308656,5.358582644930233,5.750959568670766,5.750959568670766,-5.750959568670766,0,9.33739324667061,0,5.750959568670766,5.358582644930233,0,5.750959568670766,5.358582644930233,0,0,0,-5.642408191876993,-2.579842134028084,-9.920772512256784,5.358582644930233,0,-5.092073374772324,5.750959568670766,-2.2021720209466866,-7.113651469823105,0,-9.824453837813525,0,6.463599347071611,0,0
none,0,-5.903674580744514,0,-9.826283558363915,0,0,8.072496969188876,0,-3.721447606423965,0,0,0,11.008571245666966,0,0,0,0,0,0,0,0,0,-10.731763792033238,0.6665743344686638,-4.870595326616523,0,0,-10.850457572599419,0,-6.728597701449282,0,0,-8.169572176697276,4.765150568508877,7.670019374274904,0,0
FA,8.610829202277971,0,8.494905711124238,8.494905711124238,0,-8.49490571112424,9.163157408877094,11.4601637603858,0,-6.90168662536108,0,8.494905711124238,0,8.494905711124238,-4.93042761290308,11.4601637603858,-8.49490571112424,-5.332989961353283,11.4601637603858,0,2.810876813365867,8.494905711124238,0,-12.27219555050781,0,11.4601637603858,0,0,0,0,8.494905711124238,8.610829202277971,-7.273347625293811,-8.610829202277971,0,2.437996910544257,-2.373048489603216
FA,8.131650804500728,-6.045896128574166,10.013728122825357,10.013728122825357,0,-5.896468986575539,8.546459788310976,11.768382312018518,2.208504964082596,-2.3754004367504673,-2.208504964082596,10.013728122825357,3.6740233672551867,10.013728122825357,-3.2666523042067865,11.768382312018518,-10.013728122825357,2.208504964082596,11.768382312018518,0,4.850202070245784,10.013728122825357,2.208504964082596,-7.335380676724743,-4.4764545604138855,11.768382312018518,0,2.208504964082596,2.208504964082596,2.208504964082596,10.013728122825357,8.131650804500728,-7.3646825634695094,-8.131650804500728,0,1.7381035845083201,-1.520847351881238
FA,0,0,8.411656498984065,8.411656498984065,0,-8.411656498984065,8.701454974342225,11.104538889800612,11.133153239706598,4.496587990169051,-11.133153239706598,8.411656498984065,4.0702258445905795,8.411656498984065,11.133153239706598,11.104538889800612,-2.52085588391093,11.133153239706598,1.6664797372489182,0,8.411656498984065,1.1385225050108145,11.133153239706598,6.208316276895782,-3.899053477193891,1.0790942556554557,8.750178019913067,8.334860279719107,11.133153239706598,11.133153239706598,8.411656498984065,0,1.9964068987033767,0,0,8.411656498984065,0
none,0,-5.124749025253682,0,0,0,0,0,0,3.9391810280347364,3.9391810280347364,-3.9391810280347364,0,10.07805010388294,0,3.9391810280347364,0,0,3.9391810280347364,-9.63629468891398,0,0,-8.17084488987514,-3.769230423195586,3.545204879836524,0,0,0,-4.932901208747448,3.9391810280347364,-5.156148722773792,0,0,-0.08317545615115278,0,4.446795087418512,0,0
none,5.854385041820454,-7.380237931553263,4.721909156462055,4.721909156462055,0,-4.721909156462055,8.738869018218452,4.130186489216613,3.9984172115854895,3.9984172115854895,-3.9984172115854895,4.721909156462055,3.15346401815754,4.721909156462055,3.9984172115854895,4.130186489216613,-4.721909156462055,3.9984172115854895,-4.460394150823485,0,4.721909156462055,-5.871932544813601,3.9984172115854895,9.738974063580788,-6.3282680380681295,4.130186489216613,0,2.0936261766717927,3.9984172115854895,3.9984172115854895,4.721909156462055,5.854385041820454,4.148038121674421,-5.854385041820454,0,4.721909156462055,-5.854385041820454
none,0,0,0,0,-6.73680143554731,0,8.374475109032712,0,3.4686097302091263,3.4686097302091263,-3.4686097302091263,0,11.934138231188104,0,3.4686097302091263,0,0,3.4686097302091263,0,0,-5.3655763290988485,-11.682244149500432,3.4686097302091263,8.593329985213764,-3.745497557530027,0,0,3.4686097302091263,3.4686097302091263,3.4686097302091263,0,0,2.724316498723967,5.018649262550036,3.675673776148988,0,0
none,6.1721725173614015,-1.8565761072073936,0,0,1.4262719436405122,0,0.9727456112489984,0,3.6734040546359292,3.6734040546359292,-3.6734040546359292,0,-4.591541145753699,0,3.6734040546359292,0,0,3.6734040546359292,0,-6.680199900545899,0,0,-8.964963353767727,7.230821402246719,-10.87936582952606,0,3.982329720659851,-7.5859474385933385,3.6734040546359292,3.6734040546359292,-6.720423372557939,-0.7866438859429725,-9.858382498306597,1.476229341864062,-6.680199900545899,0,-2.7699212332260426
FA,7.483205955098443,0,6.85672356966896,6.85672356966896,0,-6.85672356966896,9.80629889973037,3.4135473066681428,0,0,0,6.85672356966896,10.633234069991746,6.85672356966896,0,3.4135473066681428,-6.85672356966896,-3.675169272450059,3.4135473066681428,0,6.85672356966896,-2.8794236129594903,-8.744244703549237,-11.171630760420733,0,3.4135473066681428,9.462901511446143,-7.460258591539218,0,0,2.0504716235200067,7.483205955098443,9.73614718262845,-7.483205955098443,0,6.85672356966896,-7.483205955098443
FA,6.645846479894357,0,9.160050321436088,9.160050321436088,0,-9.160050321436088,8.295709315545132,9.39213689948411,4.29841082073496,4.29841082073496,-4.29841082073496,9.160050321436088,9.596079221835655,9.160050321436088,-5.70434151451982,5.580381341587327,-9.160050321436088,-0.8046486967671672,9.39213689948411,0,9.160050321436088,-0.37821260817239183,4.29841082073496,1.9823947802632582,9.83043696153284,6.225652574101244,8.571374886630329,-0.29713917864410105,4.29841082073496,4.29841082073496,9.160050321436088,6.645846479894357,9.53826292960848,-6.645846479894357,8.668870156105447,9.160050321436088,-6.645846479894357
none,6.53546732961014,-3.8030205155714842,9.360526296853303,9.360526296853303,0,-9.360526296853303,0,1.0578886395647424,3.5915854535221747,3.5915854535221747,-3.5915854535221747,6.170445550223196,7.84437983105384,2.9411890093004347,3.5915854535221747,1.0578886395647424,-1.2039314948144153,3.5915854535221747,-11.09476511217751,0,5.886723878987512,-0.621468482497997,-1.7585874452155879,-7.047872545745737,4.018904042828339,1.0578886395647424,5.755030104091644,-3.3343752438858827,3.5915854535221747,3.5915854535221747,9.360526296853303,6.53546732961014,2.0418738180355067,-6.53546732961014,5.023768317783599,9.360526296853303,-5.323428010218139
